RuleID,Title,Severity,Category,SourceFile,Line
R-c51c41fde8dc,- Maintainability: 80 — Type-check clean on app; ruff enforced; modular memory r,High,Quality,/Users/frisowempe/ISA_D/QUALITY_SCORECARD.md,9
R-faea8c0a6e0c,- Improve coverage and mutation testing; add perf budgets on hot paths; expand s,High,CI/CD,/Users/frisowempe/ISA_D/QUALITY_SCORECARD.md,15
R-62b5674f465d,"1.  **Adhere to General Policies**: You must follow all principles, roles (Plann",High,CI/CD,/Users/frisowempe/ISA_D/gemini.md,10
R-6460d79d09cb,"6.  **The Verifier Mandate**: After making changes (e.g., `write_file`, `replace",High,Docs,/Users/frisowempe/ISA_D/gemini.md,24
R-bb2e59f85d58,"21. CI gating: Advisory→enforced cadence, time budgets, flaky quarantine; pytest",High,CI/CD,/Users/frisowempe/ISA_D/docs/RESEARCH_KNOWLEDGE_GAPS.md,41
R-1a9613b3df22,- Determinism likely needs orjson + explicit newline/encoding policies; cross‑OS,Low,CI/CD,/Users/frisowempe/ISA_D/docs/RESEARCH_KNOWLEDGE_GAPS.md,237
R-b195ab9d09e6,- Polars/DuckDB promising for heavy joins; integration cost must be balanced wit,High,Process,/Users/frisowempe/ISA_D/docs/RESEARCH_KNOWLEDGE_GAPS.md,239
R-d25ece872f47,- Changing the embedding model invalidates existing vectors; migrations must be ,High,Docs,/Users/frisowempe/ISA_D/docs/VECTOR_STORE_SCHEMA.md,10
R-18792834f632,Each vector entry MUST include the following metadata fields (example JSON schem,High,Data,/Users/frisowempe/ISA_D/docs/VECTOR_STORE_SCHEMA.md,21
R-40eea275e63b,- Every ingestion run must produce a manifest (JSON) linking `document_id` → sou,High,Docs,/Users/frisowempe/ISA_D/docs/VECTOR_STORE_SCHEMA.md,37
R-fad2263d458a,10) Promotion & Retirement: Promote to PR‑CI only if passing thresholds for 7 co,Low,CI/CD,/Users/frisowempe/ISA_D/docs/RESEARCH_OPERATIONS.md,16
R-4c4306378c14,All AI agents *must* internalize and strictly adhere to the core principles and ,High,CI/CD,/Users/frisowempe/ISA_D/docs/AI_AGENT_ONBOARDING.md,7
R-496097b5f803,*   The project maintains a comprehensive index of its codebase. Before undertak,High,Agentic,/Users/frisowempe/ISA_D/docs/AI_AGENT_ONBOARDING.md,33
R-fbc69238d586,- Ephemeral branches; auto-merge only if CI fully green.,Low,CI/CD,/Users/frisowempe/ISA_D/docs/AGENTIC_ARCHITECTURE.md,17
R-aaa35a89051b,"- Append-only JSONL for events (plan, action, result, reward, memory store/retri",Low,CI/CD,/Users/frisowempe/ISA_D/docs/AGENTIC_ARCHITECTURE.md,22
R-f632eea427dd,- T0: Read-only advice (default).,Low,Agentic,/Users/frisowempe/ISA_D/docs/AGENTIC_ARCHITECTURE.md,43
R-03df19646c9a,"- When blocked by missing context, the agent researches (search index, docs, cod",Low,Agentic,/Users/frisowempe/ISA_D/docs/AGENTIC_ARCHITECTURE.md,50
R-ae7d57080c6e,- Coverage ≥90% core; type errors 0 on target modules; determinism enforced.,High,Agentic,/Users/frisowempe/ISA_D/docs/AGENTIC_ARCHITECTURE.md,59
R-d94261f042ae,- Autonomy: all edits land on branches; T2 auto-merge only with fully green CI a,Low,CI/CD,/Users/frisowempe/ISA_D/docs/AGENTIC_ARCHITECTURE.md,66
R-549e10fa406b,"- Stability counters: each gate (tests, coverage, mypy, semgrep, determinism) in",High,CI/CD,/Users/frisowempe/ISA_D/docs/AGENTIC_ARCHITECTURE.md,69
R-cec3f22c4a90,Kill-Switch & Rollback Triggers,High,Agentic,/Users/frisowempe/ISA_D/docs/AGENTIC_ARCHITECTURE.md,80
R-f735c039e15e,- docs/QUALITY_METHODS.md — quality and gate policies (incl. orchestrator-only g,Medium,CI/CD,/Users/frisowempe/ISA_D/docs/AGENTIC_ARCHITECTURE.md,88
R-7b914e9aa844,"- [x] Define toolchain and policies (uv, ruff, mypy, pytest, semgrep, bandit, pi",Low,CI/CD,/Users/frisowempe/ISA_D/docs/ULTIMATE_PLAN.md,11
R-53af647a56a4,- [x] Create ADR stubs for tooling and safety,Low,Docs,/Users/frisowempe/ISA_D/docs/ULTIMATE_PLAN.md,12
R-5b46b44db252,- [ ] Document reward model and autonomy tiers,Low,Docs,/Users/frisowempe/ISA_D/docs/ULTIMATE_PLAN.md,13
R-7f4c1771020f,Acceptance:,Medium,Process,/Users/frisowempe/ISA_D/docs/ULTIMATE_PLAN.md,14
R-21dd01899166,- Clear ADRs exist for tooling and safety with owners and rationale.,Low,Docs,/Users/frisowempe/ISA_D/docs/ULTIMATE_PLAN.md,15
R-17febb105ca8,- Reward model draft includes positive/negative signals and normalization.,Low,Process,/Users/frisowempe/ISA_D/docs/ULTIMATE_PLAN.md,16
R-147afed63a9a,2) Monorepo Unification (Plan Only in this commit),Low,Process,/Users/frisowempe/ISA_D/docs/ULTIMATE_PLAN.md,18
R-19ed973fb163,"- [ ] Target layout defined: apps/superapp, packages/isa_c_full, packages/isa_c_",Low,Agentic,/Users/frisowempe/ISA_D/docs/ULTIMATE_PLAN.md,19
R-074486b9b35f,- [ ] Migration map from current folders to targets,Low,Process,/Users/frisowempe/ISA_D/docs/ULTIMATE_PLAN.md,20
R-1d2aba4b2318,- [ ] Root README and CONTRIBUTING outline the structure,Low,Docs,/Users/frisowempe/ISA_D/docs/ULTIMATE_PLAN.md,21
R-205ccc4c8db7,Acceptance:,Medium,Process,/Users/frisowempe/ISA_D/docs/ULTIMATE_PLAN.md,22
R-697c426bb4fe,- Migration document lists every move and import change.,Low,Docs,/Users/frisowempe/ISA_D/docs/ULTIMATE_PLAN.md,23
R-fb0a11ffc79a,- Superapp runs smoke test post-migration.,Low,Quality,/Users/frisowempe/ISA_D/docs/ULTIMATE_PLAN.md,24
R-2717efde47b8,- [ ] Root pyproject for shared tool config (no package build yet),Low,Process,/Users/frisowempe/ISA_D/docs/ULTIMATE_PLAN.md,27
R-f52ecb3260f2,- [ ] uv lock strategy and constraints policy documented,Low,Docs,/Users/frisowempe/ISA_D/docs/ULTIMATE_PLAN.md,28
R-24472509b0f6,- [ ] Deps report script planned (not executed here),Low,Process,/Users/frisowempe/ISA_D/docs/ULTIMATE_PLAN.md,29
R-065a0ee055b2,Acceptance:,Medium,Process,/Users/frisowempe/ISA_D/docs/ULTIMATE_PLAN.md,30
R-6b5739ae40c3,- One authoritative lock tool and constraints policy; no duplicate managers.,Low,Process,/Users/frisowempe/ISA_D/docs/ULTIMATE_PLAN.md,31
R-4d7e22c6ca81,- [x] Consolidate on ruff for lint+format in CI,Low,CI/CD,/Users/frisowempe/ISA_D/docs/ULTIMATE_PLAN.md,34
R-cd89ef906a1c,- [x] Pre-commit hooks planned with ruff and mypy,Low,Process,/Users/frisowempe/ISA_D/docs/ULTIMATE_PLAN.md,35
R-24a9d4647963,- [ ] Enforce formatting in CI on PRs,Low,CI/CD,/Users/frisowempe/ISA_D/docs/ULTIMATE_PLAN.md,36
R-8e744c999901,Acceptance:,Medium,Process,/Users/frisowempe/ISA_D/docs/ULTIMATE_PLAN.md,37
R-eb4540e18068,- `ruff check` and `ruff format --check` pass on default branch.,Low,Process,/Users/frisowempe/ISA_D/docs/ULTIMATE_PLAN.md,38
R-0e7e5c0bf525,- [ ] mypy gate (strict on libraries) configured in CI,Medium,CI/CD,/Users/frisowempe/ISA_D/docs/ULTIMATE_PLAN.md,41
R-48fc676cd91b,- [ ] Type coverage metric collected in CI,Low,CI/CD,/Users/frisowempe/ISA_D/docs/ULTIMATE_PLAN.md,42
R-fa5c89ee55e9,- [ ] JSON Schemas for agent traces and plans planned,Low,Agentic,/Users/frisowempe/ISA_D/docs/ULTIMATE_PLAN.md,43
R-0e0157e65b90,Acceptance:,Medium,Process,/Users/frisowempe/ISA_D/docs/ULTIMATE_PLAN.md,44
R-391bf2133fad,- mypy runs in CI; type coverage threshold recorded.,Low,CI/CD,/Users/frisowempe/ISA_D/docs/ULTIMATE_PLAN.md,45
R-c8b28521a975,- [ ] Unit/integration/property tests run on PRs,Low,Quality,/Users/frisowempe/ISA_D/docs/ULTIMATE_PLAN.md,48
R-eee9178c604a,- [ ] Mutation/fuzz/benchmarks scheduled nightly,Low,Process,/Users/frisowempe/ISA_D/docs/ULTIMATE_PLAN.md,49
R-566198e8ea59,- [ ] CrossHair targeted weekly (pure mappers),Low,Process,/Users/frisowempe/ISA_D/docs/ULTIMATE_PLAN.md,50
R-f844202242ed,Acceptance:,Medium,Process,/Users/frisowempe/ISA_D/docs/ULTIMATE_PLAN.md,51
R-78cfd549248a,"- Coverage >= 90% gate (core), nightly mutation score >= 70% reported.",Medium,CI/CD,/Users/frisowempe/ISA_D/docs/ULTIMATE_PLAN.md,52
R-dd0d7d0bd070,- [ ] Mapping matrix generation job planned (CSV/HTML),Low,Process,/Users/frisowempe/ISA_D/docs/ULTIMATE_PLAN.md,55
R-11699e3eb2b6,- [ ] CI check for gaps/collisions planned,Low,CI/CD,/Users/frisowempe/ISA_D/docs/ULTIMATE_PLAN.md,56
R-6c0c7d1058ee,Acceptance:,Medium,Process,/Users/frisowempe/ISA_D/docs/ULTIMATE_PLAN.md,57
R-b2f81bb667c9,- No critical unmapped fields without waiver.,Medium,Process,/Users/frisowempe/ISA_D/docs/ULTIMATE_PLAN.md,58
R-f2e57f3f8b20,- [ ] Canonical JSON writer policy documented,Low,Docs,/Users/frisowempe/ISA_D/docs/ULTIMATE_PLAN.md,61
R-cfc2bcda97ee,- [ ] Snapshot tests policy documented,Low,Quality,/Users/frisowempe/ISA_D/docs/ULTIMATE_PLAN.md,62
R-431e70f51e83,Acceptance:,Medium,Process,/Users/frisowempe/ISA_D/docs/ULTIMATE_PLAN.md,63
R-fc727cc329ec,- Byte-for-byte stable snapshots for canonical outputs.,Low,Quality,/Users/frisowempe/ISA_D/docs/ULTIMATE_PLAN.md,64
R-7ba948bb63f9,- [ ] Baseline profiling job planned (cProfile/py-spy),Low,Process,/Users/frisowempe/ISA_D/docs/ULTIMATE_PLAN.md,67
R-a2bb09216e7c,- [ ] Perf budgets in CI (regression guard) planned,Low,CI/CD,/Users/frisowempe/ISA_D/docs/ULTIMATE_PLAN.md,68
R-8b7983a8dfa4,- [ ] Parallel runner & content-hash cache planned,Low,Process,/Users/frisowempe/ISA_D/docs/ULTIMATE_PLAN.md,69
R-207c00f78c44,Acceptance:,Medium,Process,/Users/frisowempe/ISA_D/docs/ULTIMATE_PLAN.md,70
R-b4b1de032ae7,- >=30% target speedup on workload; CI fails on budget regressions.,Low,CI/CD,/Users/frisowempe/ISA_D/docs/ULTIMATE_PLAN.md,71
R-7bb1fd0e5525,- [ ] Structured logging schema plan (correlation IDs),Low,Observability,/Users/frisowempe/ISA_D/docs/ULTIMATE_PLAN.md,74
R-796b4247b0b2,- [ ] Prometheus metrics and Grafana dashboard plan,Low,Observability,/Users/frisowempe/ISA_D/docs/ULTIMATE_PLAN.md,75
R-b2a8e4571998,Acceptance:,Medium,Process,/Users/frisowempe/ISA_D/docs/ULTIMATE_PLAN.md,76
R-0e28c3779d56,"- Metrics for throughput, latency, error classes; dashboard JSON stored.",Low,Observability,/Users/frisowempe/ISA_D/docs/ULTIMATE_PLAN.md,77
R-936b7231ca65,"- [x] SAST/SCA tools selected (bandit, pip-audit, gitleaks, trivy)",Low,Security,/Users/frisowempe/ISA_D/docs/ULTIMATE_PLAN.md,80
R-a458e94c53da,- [ ] SBOM generation scheduled in CI (syft),Low,CI/CD,/Users/frisowempe/ISA_D/docs/ULTIMATE_PLAN.md,81
R-47af9f3b7cad,- [ ] OpenSSF Scorecard job planned,Low,Process,/Users/frisowempe/ISA_D/docs/ULTIMATE_PLAN.md,82
R-f66b0068e900,Acceptance:,Medium,Process,/Users/frisowempe/ISA_D/docs/ULTIMATE_PLAN.md,83
R-54dd7ab45a4d,- No high/critical findings; SBOM artifact per release.,Low,Security,/Users/frisowempe/ISA_D/docs/ULTIMATE_PLAN.md,84
R-1ac9635a50d8,- [x] PR CI workflow skeleton added,Low,CI/CD,/Users/frisowempe/ISA_D/docs/ULTIMATE_PLAN.md,87
R-094684df4bc3,- [x] Nightly/weekly jobs skeletons added,Low,Process,/Users/frisowempe/ISA_D/docs/ULTIMATE_PLAN.md,88
R-0a718b48cd56,- [ ] Release workflow and changelog automation planned,Low,Process,/Users/frisowempe/ISA_D/docs/ULTIMATE_PLAN.md,89
R-4c21853960c0,Acceptance:,Medium,Process,/Users/frisowempe/ISA_D/docs/ULTIMATE_PLAN.md,90
R-dfb8c8b17a39,- CI green on default; scheduled jobs publish artifacts.,Low,CI/CD,/Users/frisowempe/ISA_D/docs/ULTIMATE_PLAN.md,91
R-cf597c7099ae,- [ ] Makefile (root) stubs with agent-aware tasks planned,Low,Agentic,/Users/frisowempe/ISA_D/docs/ULTIMATE_PLAN.md,94
R-f61b5d29a33a,- [ ] Devcontainer and VS Code tasks planned,Low,Process,/Users/frisowempe/ISA_D/docs/ULTIMATE_PLAN.md,95
R-eea740e841d1,Acceptance:,Medium,Process,/Users/frisowempe/ISA_D/docs/ULTIMATE_PLAN.md,96
R-ae0b9deaf02b,- New dev can run one-command demo and CI dry run in <=5 minutes.,Low,CI/CD,/Users/frisowempe/ISA_D/docs/ULTIMATE_PLAN.md,97
R-9a7af11435fc,- [ ] Expectation suites plan (Great Expectations or pydantic-core),Low,Process,/Users/frisowempe/ISA_D/docs/ULTIMATE_PLAN.md,100
R-cb69f4b584e2,- [ ] CI gate on data quality planned,Medium,CI/CD,/Users/frisowempe/ISA_D/docs/ULTIMATE_PLAN.md,101
R-507c12f98169,Acceptance:,Medium,Process,/Users/frisowempe/ISA_D/docs/ULTIMATE_PLAN.md,102
R-25e502000d3d,- >=99% pass for critical expectations.,Low,Process,/Users/frisowempe/ISA_D/docs/ULTIMATE_PLAN.md,103
R-68350484d1c9,- [ ] Wheel packaging plan for packages/isa_c_full and packages/isa_c_mapping,Low,Process,/Users/frisowempe/ISA_D/docs/ULTIMATE_PLAN.md,106
R-b8081b7b9251,"- [ ] Docker image plan for apps/superapp (non-root, healthcheck)",Low,Docs,/Users/frisowempe/ISA_D/docs/ULTIMATE_PLAN.md,107
R-8f4f897fb7ac,Acceptance:,Medium,Process,/Users/frisowempe/ISA_D/docs/ULTIMATE_PLAN.md,108
R-da947b00ebfb,- docker compose demo brings up end-to-end stack.,Low,Docs,/Users/frisowempe/ISA_D/docs/ULTIMATE_PLAN.md,109
R-e3ede8692d1d,"- [x] Document planner, builder, verifier, critic, reward aggregator, meta-learn",Low,Docs,/Users/frisowempe/ISA_D/docs/ULTIMATE_PLAN.md,112
R-fa3db2fb7900,"- [x] Policy engine and safety guardrails (allowlists, rate limits) documented",Low,Docs,/Users/frisowempe/ISA_D/docs/ULTIMATE_PLAN.md,113
R-7b58b6211323,- [ ] Autonomy tiers and promotion gates documented,Medium,CI/CD,/Users/frisowempe/ISA_D/docs/ULTIMATE_PLAN.md,114
R-81812b940a0a,Acceptance:,Medium,Process,/Users/frisowempe/ISA_D/docs/ULTIMATE_PLAN.md,115
R-a271d67447f1,- Policies and autonomy tiers are explicit; kill-switch defined.,High,CI/CD,/Users/frisowempe/ISA_D/docs/ULTIMATE_PLAN.md,116
R-4d015d3a3db8,- [x] Initial reward model outlined,Low,Process,/Users/frisowempe/ISA_D/docs/ULTIMATE_PLAN.md,119
R-6cfc97854fff,- [ ] Bandit strategy set enumerated and evaluators planned,Low,Security,/Users/frisowempe/ISA_D/docs/ULTIMATE_PLAN.md,120
R-882c19567fa4,- [ ] Replay log schema defined (JSONL),Low,Data,/Users/frisowempe/ISA_D/docs/ULTIMATE_PLAN.md,121
R-e5255dd961e2,Acceptance:,Medium,Process,/Users/frisowempe/ISA_D/docs/ULTIMATE_PLAN.md,122
R-8c7733824a39,- Agent eval win-rate targets defined; logs schema validated.,Low,Agentic,/Users/frisowempe/ISA_D/docs/ULTIMATE_PLAN.md,123
R-0ba8c0d22e22,"- [ ] SLOs for agent success, revert rate, latency",Low,Agentic,/Users/frisowempe/ISA_D/docs/ULTIMATE_PLAN.md,126
R-0ddff5604cb4,- [ ] Alert routes (Slack/PagerDuty) planned,Low,Process,/Users/frisowempe/ISA_D/docs/ULTIMATE_PLAN.md,127
R-e0006f76c181,Acceptance:,Medium,Process,/Users/frisowempe/ISA_D/docs/ULTIMATE_PLAN.md,128
R-97e7066ed20a,- Alert tests pass in CI; burn-rate panels configured.,Low,CI/CD,/Users/frisowempe/ISA_D/docs/ULTIMATE_PLAN.md,129
R-07ecc2fc6e95,- [ ] Tiered autonomy rollout (T0→T2) with gates,Medium,CI/CD,/Users/frisowempe/ISA_D/docs/ULTIMATE_PLAN.md,132
R-0a77f0c14782,- [ ] Rollback playbooks and repro pack policy,Low,Process,/Users/frisowempe/ISA_D/docs/ULTIMATE_PLAN.md,133
R-7ff7b35c5a9b,Acceptance:,Medium,Process,/Users/frisowempe/ISA_D/docs/ULTIMATE_PLAN.md,134
R-042e5b660177,- Post-merge reverts <1% 30-day rolling; repro packs attached on failures.,Low,Process,/Users/frisowempe/ISA_D/docs/ULTIMATE_PLAN.md,135
R-449a6e178ee0,- [ ] Adapter abstraction for LLM/tooling (DeepSeek-ready),Low,Process,/Users/frisowempe/ISA_D/docs/ULTIMATE_PLAN.md,138
R-d969835f1b42,- [ ] Parity tests for plan/diff consistency across engines,Low,Quality,/Users/frisowempe/ISA_D/docs/ULTIMATE_PLAN.md,139
R-1689c28c2efd,Acceptance:,Medium,Process,/Users/frisowempe/ISA_D/docs/ULTIMATE_PLAN.md,140
R-889e58effadf,- No regression in eval win-rate when switching engines.,Low,Process,/Users/frisowempe/ISA_D/docs/ULTIMATE_PLAN.md,141
R-38c0ca7947a2,- Perf: ≥30% speedup; CI perf budgets enforced,High,CI/CD,/Users/frisowempe/ISA_D/docs/ULTIMATE_PLAN.md,148
R-ec580113a642,- **Data Privacy:** PII must not be persisted in model training artifacts; incom,High,Observability,/Users/frisowempe/ISA_D/docs/AI_PROJECT_CHARTER.md,51
R-ed1efc59ee3e,- **Explainability & Provenance:** All generated answers must include source cit,High,CI/CD,/Users/frisowempe/ISA_D/docs/AI_PROJECT_CHARTER.md,53
R-0734420c05df,- Data Privacy: PII must not be persisted in model training artifacts; incoming ,High,Observability,/Users/frisowempe/ISA_D/docs/AI_PROJECT_CHARTER.md,88
R-4d8ddc9e9eb7,"- Explainability: All generated answers must include source citations and, where",High,CI/CD,/Users/frisowempe/ISA_D/docs/AI_PROJECT_CHARTER.md,90
R-acff93a95324,"- Misuse Risk: The system must surface ""not legal advice"" disclaimers for compli",High,Process,/Users/frisowempe/ISA_D/docs/AI_PROJECT_CHARTER.md,91
R-a44815a199d9,- Default to offline/test fixtures in PR CI; allow live network in nightly for a,Low,CI/CD,/Users/frisowempe/ISA_D/docs/RESEARCH_CAPABILITIES.md,51
R-9f7112a77112,- [ ] Create `nesy` adapters package layout (no heavy deps): `ISA_SuperApp/src/n,Low,Process,/Users/frisowempe/ISA_D/docs/TODO_NeSy.md,11
R-5a295225a826,"- [ ] Define common `NeSyAdapter` interface (predict(), explain(), metadata())",Low,Data,/Users/frisowempe/ISA_D/docs/TODO_NeSy.md,12
R-ff69ad5d6da4,"- [ ] Add feature flags in config: `NESY_{ESG_BERT,LNN,SENTICNET,ESGSENTICNET,DE",Low,Process,/Users/frisowempe/ISA_D/docs/TODO_NeSy.md,13
R-9a07fa871688,- [ ] Seed evaluation dataset for gaps (labeled) under `artifacts/nesy_eval/`,Low,Data,/Users/frisowempe/ISA_D/docs/TODO_NeSy.md,14
R-a39ba984ab1a,"- [ ] Eval harness: precision/recall/F1, latency, cost per adapter; JSONL report",Low,CI/CD,/Users/frisowempe/ISA_D/docs/TODO_NeSy.md,15
R-4539f8d65593,Acceptance:,Medium,Process,/Users/frisowempe/ISA_D/docs/TODO_NeSy.md,16
R-a0911c08e5cf,- Adapters implement the interface; flags are typed and documented; eval harness,Low,CI/CD,/Users/frisowempe/ISA_D/docs/TODO_NeSy.md,17
R-7a232910782a,- [ ] Adapter stub wrapping model API or local weights,Low,Process,/Users/frisowempe/ISA_D/docs/TODO_NeSy.md,20
R-07d5eae40ce2,- [ ] Symbolic materiality/rule layer (simple Python rules),Low,Process,/Users/frisowempe/ISA_D/docs/TODO_NeSy.md,21
R-f2e2c0079065,- [ ] Unit + integration tests with goldens and explanations,Low,Quality,/Users/frisowempe/ISA_D/docs/TODO_NeSy.md,22
R-5a0b75566091,- [ ] CI job: run adapter on small sample (advisory report),Low,CI/CD,/Users/frisowempe/ISA_D/docs/TODO_NeSy.md,23
R-c9e905d66f60,Acceptance:,Medium,Process,/Users/frisowempe/ISA_D/docs/TODO_NeSy.md,24
R-7c0fad731899,- ≥10% precision/recall lift vs. baseline keyword rules on eval set; explanation,Low,CI/CD,/Users/frisowempe/ISA_D/docs/TODO_NeSy.md,25
R-d937c5e3d82b,- [x] LNN integration module and deterministic validator endpoint `/validate`,Low,Process,/Users/frisowempe/ISA_D/docs/TODO_NeSy.md,29
R-294241829316,- [x] Tests with seeded violations; zero false positives on green data,Low,Quality,/Users/frisowempe/ISA_D/docs/TODO_NeSy.md,30
R-64679af8893c,- [ ] Wire into PR CI (gate when stable),Medium,CI/CD,/Users/frisowempe/ISA_D/docs/TODO_NeSy.md,31
R-323a8d98b381,Acceptance:,Medium,Process,/Users/frisowempe/ISA_D/docs/TODO_NeSy.md,32
R-c347fd62802b,- Catches 100% seeded violations; 0 FPs on clean fixtures; adds <5% to CI time.,Low,CI/CD,/Users/frisowempe/ISA_D/docs/TODO_NeSy.md,33
R-8defd9823fef,- [ ] REST client with retries and caching; rate-limit guards,Low,Process,/Users/frisowempe/ISA_D/docs/TODO_NeSy.md,36
R-b8a5d579ce36,- [ ] Dedupe/precision filters; reviewer queue integration,Low,CI/CD,/Users/frisowempe/ISA_D/docs/TODO_NeSy.md,37
R-8720261b0722,- [ ] Nightly advisory report of top N candidate attributes per sector,Low,Process,/Users/frisowempe/ISA_D/docs/TODO_NeSy.md,38
R-365b1cd51757,Acceptance:,Medium,Process,/Users/frisowempe/ISA_D/docs/TODO_NeSy.md,39
R-604bb35c5eea,- ≥5 high‑value candidates/sector with <10% spam; budget respected.,Low,Process,/Users/frisowempe/ISA_D/docs/TODO_NeSy.md,40
R-d36f53846682,- [ ] Verify availability/licensing and API/schema stability,Low,Data,/Users/frisowempe/ISA_D/docs/TODO_NeSy.md,43
R-46dcd85be73d,- [ ] Adapter + A/B vs. ESG‑BERT; confidence thresholds,Low,Process,/Users/frisowempe/ISA_D/docs/TODO_NeSy.md,44
R-0cb2d4099ee0,"- [ ] Nightly eval, shadow mode only",Low,Process,/Users/frisowempe/ISA_D/docs/TODO_NeSy.md,45
R-3a036fdeed8b,Acceptance:,Medium,Process,/Users/frisowempe/ISA_D/docs/TODO_NeSy.md,46
R-b4a435a552e2,- Beats ESG‑BERT on recall without >1.5× false positives; cost within cap.,Low,Process,/Users/frisowempe/ISA_D/docs/TODO_NeSy.md,47
R-7753208a21aa,- [ ] Define one focused question: P(audit pass | evidence),Low,Process,/Users/frisowempe/ISA_D/docs/TODO_NeSy.md,50
R-d4035e9c94db,- [ ] Micro‑module or service; training data prep; calibration check,Low,Data,/Users/frisowempe/ISA_D/docs/TODO_NeSy.md,51
R-89aa69487582,- [ ] Nightly advisory probability outputs for reviewer feedback,Low,Process,/Users/frisowempe/ISA_D/docs/TODO_NeSy.md,52
R-9283b0cbadd6,Acceptance:,Medium,Process,/Users/frisowempe/ISA_D/docs/TODO_NeSy.md,53
R-e51ecaecc6cc,- Calibrated probabilities (Brier score improvement vs. naive baseline) on ≥20 c,Low,Process,/Users/frisowempe/ISA_D/docs/TODO_NeSy.md,54
R-60f7c2496425,- [ ] Map our JSON outputs to Spectrum widgets; no vendor‑locked logic,Low,Process,/Users/frisowempe/ISA_D/docs/TODO_NeSy.md,57
R-583b720368b3,- [ ] Demo dashboard; export JSON for parity with SuperApp UI,Low,Process,/Users/frisowempe/ISA_D/docs/TODO_NeSy.md,58
R-10ddd0671afc,Acceptance:,Medium,Process,/Users/frisowempe/ISA_D/docs/TODO_NeSy.md,59
R-0fb0117d253f,- Pilot demo loads in <5 minutes; identical insights render in SuperApp.,Low,Process,/Users/frisowempe/ISA_D/docs/TODO_NeSy.md,60
R-f482dfe5698f,- [ ] What‑if simulation prototype for one attribute set,Low,Quality,/Users/frisowempe/ISA_D/docs/TODO_NeSy.md,63
R-77b84d40b742,- [ ] Correlate with historical adoption; offline only,Low,Process,/Users/frisowempe/ISA_D/docs/TODO_NeSy.md,64
R-25532b25ad7e,Acceptance:,Medium,Process,/Users/frisowempe/ISA_D/docs/TODO_NeSy.md,65
R-38bd8c41632e,- Produces plausible deltas that correlate with outcomes on a holdout.,Low,Process,/Users/frisowempe/ISA_D/docs/TODO_NeSy.md,66
R-1f8cc525c05e,- [ ] Offline prototype for cross‑sector mapping suggestions,Low,Quality,/Users/frisowempe/ISA_D/docs/TODO_NeSy.md,69
R-8b3711189901,- [ ] SME validation workflow; export explainable rules,Low,Process,/Users/frisowempe/ISA_D/docs/TODO_NeSy.md,70
R-b1440a7e09e8,Acceptance:,Medium,Process,/Users/frisowempe/ISA_D/docs/TODO_NeSy.md,71
R-71cc2fe3c735,- Validated explainable mappings outperform simple heuristics on a sample.,Low,Process,/Users/frisowempe/ISA_D/docs/TODO_NeSy.md,72
R-d87e732f13c9,- [ ] All adapters behind feature flags; default OFF in PR CI,Low,CI/CD,/Users/frisowempe/ISA_D/docs/TODO_NeSy.md,75
R-016692a982db,- [ ] A/B by default (shadow mode); promote only with eval wins and SME sign‑off,Low,Process,/Users/frisowempe/ISA_D/docs/TODO_NeSy.md,76
R-e2ffd9c0f28d,- [ ] External API budgets and caching; fail closed on rate limits,Low,Process,/Users/frisowempe/ISA_D/docs/TODO_NeSy.md,77
R-ac303e1a2b46,Acceptance:,Medium,Process,/Users/frisowempe/ISA_D/docs/TODO_NeSy.md,78
R-ed896ea30e01,- No PR CI failures due to external API; reproducible nightly reports.,Low,CI/CD,/Users/frisowempe/ISA_D/docs/TODO_NeSy.md,79
R-d2873151c719,"- [ ] Eval metrics: P/R/F1, latency P95, cost/sample, explanation acceptance",Low,Observability,/Users/frisowempe/ISA_D/docs/TODO_NeSy.md,82
R-371bd7c55f82,- [ ] Nightly trend dashboards (JSON → Grafana via pushgateway or artifact revie,Medium,CI/CD,/Users/frisowempe/ISA_D/docs/TODO_NeSy.md,83
R-d9af3a36f490,- [ ] Promotion checklist per adapter (criteria + SME sign‑off),Low,Process,/Users/frisowempe/ISA_D/docs/TODO_NeSy.md,84
R-bc9aa4ba6999,Acceptance:,Medium,Process,/Users/frisowempe/ISA_D/docs/TODO_NeSy.md,85
R-c1d4e7de518b,- Promotion occurs only when metrics meet thresholds for 7 consecutive days.,Low,Observability,/Users/frisowempe/ISA_D/docs/TODO_NeSy.md,86
R-6604ab246689,"- [ ] `docs/nesy/overview.md` (architecture, adapters, flags, evals)",Low,Docs,/Users/frisowempe/ISA_D/docs/TODO_NeSy.md,89
R-206de179e3ef,- [ ] `docs/nesy/adapters/*.md` per adapter with inputs/outputs/schemas,Low,Data,/Users/frisowempe/ISA_D/docs/TODO_NeSy.md,90
R-2343eba32c3a,- [ ] Playbook for adding a new NeSy component,Low,Process,/Users/frisowempe/ISA_D/docs/TODO_NeSy.md,91
R-767b47570124,Acceptance:,Medium,Process,/Users/frisowempe/ISA_D/docs/TODO_NeSy.md,92
R-e8842747d386,- A new engineer can add an adapter and run evals in ≤60 minutes.,Low,Process,/Users/frisowempe/ISA_D/docs/TODO_NeSy.md,93
R-ef840d069c43,- [ ] Ensembling: simple rank fusion across ESG‑BERT/ESGSenticNet/SenticNet,Low,Process,/Users/frisowempe/ISA_D/docs/TODO_NeSy.md,96
R-51d615d929d3,- [ ] Active learning loop with reviewer feedback to retrain thresholds,Low,Process,/Users/frisowempe/ISA_D/docs/TODO_NeSy.md,97
R-a061bb0d7b51,- [ ] Explanation store and similarity search for reuse across sectors,Low,Process,/Users/frisowempe/ISA_D/docs/TODO_NeSy.md,98
R-cec960d6868f,- [ ] [CP] Index and research `/Users/frisowempe/ISA_D/Study Librairy` for advan,Low,Agentic,/Users/frisowempe/ISA_D/docs/TODO.md,11
R-8e672a18ae56,- [ ] [CP] Investigate content of `agents-towards-production-main` for reusable ,Medium,CI/CD,/Users/frisowempe/ISA_D/docs/TODO.md,12
R-511204f5c3d1,- [ ] Create docs/RESEARCH_KNOWLEDGE_GAPS.md scaffold with 30 research questions,Low,CI/CD,/Users/frisowempe/ISA_D/docs/TODO.md,13
R-9f32490f9a05,"- [ ] Define evaluation rubric (Impact, Ease of integration, Maturity, Alignment",Low,Process,/Users/frisowempe/ISA_D/docs/TODO.md,14
R-76963eb6ef96,- [ ] Compile candidate tools/services/frameworks/repos with licensing and costs,Low,CI/CD,/Users/frisowempe/ISA_D/docs/TODO.md,15
R-97cebf84b505,- [ ] Prioritize top 10 by score; select 5 for time‑boxed micro‑POCs (≤1 day eac,Low,Process,/Users/frisowempe/ISA_D/docs/TODO.md,16
R-21f6ee889f39,"- [ ] Run micro‑POCs; capture metrics (accuracy/precision, latency, dev time sav",Low,CI/CD,/Users/frisowempe/ISA_D/docs/TODO.md,17
R-11801548ecb1,- [ ] Decisions: adopt/hold/reject; draft ADRs for adopted items and integrate v,Low,CI/CD,/Users/frisowempe/ISA_D/docs/TODO.md,18
R-f2d91bf9c48b,- [ ] Update ROADMAP/TODO and backlog with accepted integrations and deprecation,Low,Process,/Users/frisowempe/ISA_D/docs/TODO.md,19
R-4818f68420de,- [x] Refine research questions to v2 with per-question approach (docs/RESEARCH_,Low,Docs,/Users/frisowempe/ISA_D/docs/TODO.md,22
R-3c026819a02e,- [x] Add curated source list (docs/RESEARCH_SOURCES.md) and cross-link from RES,Low,Docs,/Users/frisowempe/ISA_D/docs/TODO.md,23
R-2c35b570c71e,"- [ ] Create `docs/AI_PROJECT_CHARTER.md` (scope, RACI, Responsible-AI risk) [ow",Low,CI/CD,/Users/frisowempe/ISA_D/docs/TODO.md,27
R-b4e51a859e58,"- [ ] Create `docs/VECTOR_STORE_SCHEMA.md` (chunking, metadata, provenance) [own",Low,Data,/Users/frisowempe/ISA_D/docs/TODO.md,29
R-2759a71f9e58,- [ ] Add `docs/model_cards/TEMPLATE.md` and create one example model card for c,Low,CI/CD,/Users/frisowempe/ISA_D/docs/TODO.md,31
R-b42eb72f3a17,- [ ] Add `data/data_catalog.yaml` (machine-readable data source catalog) and li,Low,Data,/Users/frisowempe/ISA_D/docs/TODO.md,33
R-9165f8861272,- [ ] **Task 1.1: Implement Web Research Toolkit**,Low,Process,/Users/frisowempe/ISA_D/docs/TODO.md,89
R-99cf40ac687c,- [ ] Create `packages/tools/web_research.py` with a `WebResearchTool` class.,Low,Process,/Users/frisowempe/ISA_D/docs/TODO.md,90
R-159fffb1ebd0,"- [ ] Implement `search`, `read_url` methods using `httpx` and `beautifulsoup4`.",Low,Process,/Users/frisowempe/ISA_D/docs/TODO.md,91
R-ac3d3e118240,- [ ] Add respect for `robots.txt` and on-disk caching to `storage/cache/web_res,Low,Process,/Users/frisowempe/ISA_D/docs/TODO.md,92
R-5e76dfeea28d,- [ ] **Task 1.2: Implement RAG Memory Store**,Low,Process,/Users/frisowempe/ISA_D/docs/TODO.md,93
R-588919501725,- [ ] Create `packages/agent_core/memory/rag_store.py` with a `RAGMemory` class.,Low,Agentic,/Users/frisowempe/ISA_D/docs/TODO.md,94
R-7452ba0a3796,- [ ] Integrate `ChromaDB` to store vector embeddings at `storage/vector_store/r,Low,Process,/Users/frisowempe/ISA_D/docs/TODO.md,95
R-fb00722e6f78,- [ ] **Task 1.3: Implement `ResearcherAgent`**,Low,Agentic,/Users/frisowempe/ISA_D/docs/TODO.md,96
R-06fe2fc46034,- [ ] Create `packages/agent_core/agents/researcher.py`.,Low,Agentic,/Users/frisowempe/ISA_D/docs/TODO.md,97
R-20138a6c1267,- [ ] Implement a ReAct loop that uses the `WebResearchTool` and `RAGMemory`.,Low,Process,/Users/frisowempe/ISA_D/docs/TODO.md,98
R-c1e780f2ae80,- [ ] **Task 1.4: Initial Orchestration**,Low,Process,/Users/frisowempe/ISA_D/docs/TODO.md,99
R-01ef342bc700,- [ ] Create `packages/orchestrator/research_graph.py` with a single-node graph ,Low,Agentic,/Users/frisowempe/ISA_D/docs/TODO.md,100
R-be0cdcfde918,- [ ] Create `scripts/run_research_mvp.py` to invoke the graph.,Low,Process,/Users/frisowempe/ISA_D/docs/TODO.md,101
R-ad4ce0ab19e9,- [ ] Add `research-mvp` target to `Makefile`.,Low,Process,/Users/frisowempe/ISA_D/docs/TODO.md,102
R-801a4c345c8c,- [ ] **Task 1.5: Update Dependencies**,Low,CI/CD,/Users/frisowempe/ISA_D/docs/TODO.md,103
R-98ba041836a9,"- [ ] Add `httpx`, `beautifulsoup4`, `chromadb`, `sentence-transformers` to `pyp",Low,Process,/Users/frisowempe/ISA_D/docs/TODO.md,104
R-05e3e6391f5c,- [ ] **Task 2.1: Implement `PlannerAgent` and `SynthesizerAgent`**,Low,Agentic,/Users/frisowempe/ISA_D/docs/TODO.md,107
R-a9f58e39d22f,- [ ] Create `packages/agent_core/agents/planner.py`.,Low,Agentic,/Users/frisowempe/ISA_D/docs/TODO.md,108
R-175071e9dc24,- [ ] Create `packages/agent_core/agents/synthesizer.py`.,Low,Agentic,/Users/frisowempe/ISA_D/docs/TODO.md,109
R-99bbb1042fef,- [ ] **Task 2.2: Evolve Orchestration Graph**,Low,Process,/Users/frisowempe/ISA_D/docs/TODO.md,110
R-d8f2f88387c6,- [ ] Update `research_graph.py` to a 3-node graph (`planner` -> `researcher` ->,Low,Process,/Users/frisowempe/ISA_D/docs/TODO.md,111
R-5750253be237,- [ ] **Task 2.3: Implement Self-Correction**,Low,Process,/Users/frisowempe/ISA_D/docs/TODO.md,112
R-b44e86936e7c,- [ ] Enhance the `ResearcherAgent`'s prompt to include a self-critique step.,Low,Agentic,/Users/frisowempe/ISA_D/docs/TODO.md,113
R-1a3e073f4288,- [ ] **Task 3.1: Create Evaluation Script**,Low,Process,/Users/frisowempe/ISA_D/docs/TODO.md,116
R-1091a8f8caf0,- [ ] Create `scripts/evaluate_research.py` to score the final report's quality.,Low,Process,/Users/frisowempe/ISA_D/docs/TODO.md,117
R-eeac162c9155,- [ ] **Task 3.2: Update Makefile**,Low,Process,/Users/frisowempe/ISA_D/docs/TODO.md,118
R-17a6347fa00a,- [ ] Add `research-run` and `research-eval` targets.,Low,Process,/Users/frisowempe/ISA_D/docs/TODO.md,119
R-c57e820b1d56,- [ ] **Task 3.3: Create Documentation**,Low,Docs,/Users/frisowempe/ISA_D/docs/TODO.md,120
R-dbee08e327a2,- [ ] Create `docs/agents/RESEARCH_AGENT.md`.,Low,Agentic,/Users/frisowempe/ISA_D/docs/TODO.md,121
R-c497653792ed,- [ ] Update `docs/AGENTIC_ARCHITECTURE.md` and `gemini.md` to reference the new,Low,Agentic,/Users/frisowempe/ISA_D/docs/TODO.md,122
R-02ef13fa9037,"- [x] Create docs/DEFINITION_OF_DONE.md with checklists per change type (code, d",Low,Quality,/Users/frisowempe/ISA_D/docs/TODO.md,126
R-2f7bab38c1bb,"- [x] Add PR template referencing DoD and requiring: tests updated, type clean, ",Low,CI/CD,/Users/frisowempe/ISA_D/docs/TODO.md,127
R-8af2ed302311,- [ ] CI: add coverage “no-regression” check (coverage must not drop > 0.5% on c,High,CI/CD,/Users/frisowempe/ISA_D/docs/TODO.md,128
R-c6935207ba48,- [ ] CI: verify CHANGELOG or docs touched for user-facing changes (best-effort),Low,CI/CD,/Users/frisowempe/ISA_D/docs/TODO.md,129
R-b161658feee6,- [ ] Create ownership map and CODEOWNERS,Low,Process,/Users/frisowempe/ISA_D/docs/TODO.md,134
R-4efc9e2444cc,- [ ] Add TECH_DEBT.md format and review cadence,Low,Process,/Users/frisowempe/ISA_D/docs/TODO.md,135
R-f63b96b6869e,"- [ ] Record ADRs for major decisions (tooling, safety, autonomy)",Low,CI/CD,/Users/frisowempe/ISA_D/docs/TODO.md,136
R-e1d71df1f49b,- [ ] Prompt/model registry (versioned prompts; eval harness),Low,Process,/Users/frisowempe/ISA_D/docs/TODO.md,145
R-54a84ca38b65,- [ ] Safety filters and red-team tests for prompts,Low,Quality,/Users/frisowempe/ISA_D/docs/TODO.md,146
R-22f69f920a70,- [ ] Canary and rollback procedures for LLM changes,Low,Process,/Users/frisowempe/ISA_D/docs/TODO.md,147
R-9dbf04468fb7,"- [ ] Approve target layout: apps/superapp, packages/{isa_c_full,isa_c_mapping,a",Low,Agentic,/Users/frisowempe/ISA_D/docs/TODO.md,151
R-e8818167f545,- [ ] Write migration map (from current folders to targets),Low,Process,/Users/frisowempe/ISA_D/docs/TODO.md,152
R-afa1a1c02aae,- [ ] A11y audit (WCAG 2.1 AA) and key fixes in web UI,Low,Process,/Users/frisowempe/ISA_D/docs/TODO.md,156
R-957cd9d62ff3,- [ ] i18n hooks and string externalization policy,Low,Process,/Users/frisowempe/ISA_D/docs/TODO.md,157
R-fed1d2e97f31,"- [ ] Root pyproject with shared tool config (ruff, mypy)",Low,Process,/Users/frisowempe/ISA_D/docs/TODO.md,163
R-25c53dec5c45,- [ ] Runbooks for common failures; on-call rotation plan,Low,Process,/Users/frisowempe/ISA_D/docs/TODO.md,167
R-f927055b7793,"- [ ] Backups, restore drills, RPO/RTO targets",Low,Process,/Users/frisowempe/ISA_D/docs/TODO.md,169
R-0a552f067211,- [ ] Post-incident review template and cadence,Low,CI/CD,/Users/frisowempe/ISA_D/docs/TODO.md,171
R-7341f1910f14,- [ ] Choose/lock with uv; define constraints policy,Low,Process,/Users/frisowempe/ISA_D/docs/TODO.md,175
R-498570e79028,- [ ] Deps report script (graph + unused),Low,Process,/Users/frisowempe/ISA_D/docs/TODO.md,177
R-d12544235b05,"- [ ] Evaluation criteria and procurement checks (DeepSeek, Weave, SenticNet)",Low,Process,/Users/frisowempe/ISA_D/docs/TODO.md,181
R-62ec542ca807,- [ ] MkDocs site structure; decision log and runbooks,Low,CI/CD,/Users/frisowempe/ISA_D/docs/TODO.md,191
R-bbdc56b3e588,"- [ ] Onboarding: 5-minute quickstart, one-command demo",Low,Process,/Users/frisowempe/ISA_D/docs/TODO.md,193
R-e07ac08762d3,- [ ] Architecture diagrams (current/target) updated per milestone,Low,Process,/Users/frisowempe/ISA_D/docs/TODO.md,195
R-1d46a4d6fa09,- [x] Ruff for lint+format+imports (CI enforced),High,CI/CD,/Users/frisowempe/ISA_D/docs/TODO.md,201
R-dc5796da3979,- [x] CODEOWNERS added (granular),Low,Process,/Users/frisowempe/ISA_D/docs/TODO.md,205
R-51378f500601,- [x] Issue templates (bug/feature) added,Low,Process,/Users/frisowempe/ISA_D/docs/TODO.md,207
R-271c5dce891a,- [x] SECURITY.md policy present,Low,Security,/Users/frisowempe/ISA_D/docs/TODO.md,209
R-c2260861df6a,- [x] Dependabot for pip (app) and GitHub Actions,Low,Process,/Users/frisowempe/ISA_D/docs/TODO.md,211
R-f2ceda79a5b5,- [ ] Pre-commit ruff hooks installed project-wide,Low,Process,/Users/frisowempe/ISA_D/docs/TODO.md,215
R-248498e29318,- [ ] Remove redundant formatters from CI (black/isort),Low,CI/CD,/Users/frisowempe/ISA_D/docs/TODO.md,217
R-5125d7cca29a,- [x] .coveragerc added to omit tests and stdlib; branch coverage enabled,Low,Quality,/Users/frisowempe/ISA_D/docs/TODO.md,221
R-4f38bb3fcfbb,- [x] Combined coverage across app + packages (XML) uploaded per PR,Low,Quality,/Users/frisowempe/ISA_D/docs/TODO.md,222
R-409d9199dec7,- [x] Combined coverage baseline saved on main; advisory no-regression check,Low,Quality,/Users/frisowempe/ISA_D/docs/TODO.md,223
R-9bee9ac9e31b,- Acceptance: Coverage trends meaningful; ready to promote to enforced gate once,High,CI/CD,/Users/frisowempe/ISA_D/docs/TODO.md,225
R-b59288a10d19,"- [ ] Add research toolkit: `httpx`/`requests` with retry/backoff, timeout, stru",Low,Observability,/Users/frisowempe/ISA_D/docs/TODO.md,233
R-9268bab708e3,"- [ ] Robots/Politeness: parse robots.txt, set `User-Agent`, enforce crawl-delay",Low,Agentic,/Users/frisowempe/ISA_D/docs/TODO.md,234
R-159c3a350e1b,"- [ ] Extractors: `beautifulsoup4`/`lxml` content extraction (readability-like),",Low,Process,/Users/frisowempe/ISA_D/docs/TODO.md,235
R-db3dd8a664b0,- [ ] Dynamic sites (optional): Playwright-driven fetch behind a feature flag; d,Low,CI/CD,/Users/frisowempe/ISA_D/docs/TODO.md,236
R-e3b2ebc64bee,- [ ] Compliance: capture Terms/robots snapshot; do‑not‑scrape allow/deny lists;,Low,Quality,/Users/frisowempe/ISA_D/docs/TODO.md,237
R-8e531613c701,- [ ] Caching & Repro: on-disk cache keyed by URL+headers; content hash (SHA‑256,Low,Quality,/Users/frisowempe/ISA_D/docs/TODO.md,238
R-6b5a6dcf87e5,- [ ] Storage & Schema: content-addressable store for HTML/text; metadata schema,Low,Data,/Users/frisowempe/ISA_D/docs/TODO.md,239
R-96f22ef7f52d,- [ ] Indexing & Memory: summarize + embed harvested docs; add to VectorIndex + ,Low,Docs,/Users/frisowempe/ISA_D/docs/TODO.md,240
R-bc8339b37a1f,- [ ] R2P Integration: auto-populate Search Ledger entries from research session,Low,Process,/Users/frisowempe/ISA_D/docs/TODO.md,241
R-618983bfa2fa,- [ ] CI: offline tests using recorded fixtures; no live network on PR; nightly ,Low,CI/CD,/Users/frisowempe/ISA_D/docs/TODO.md,242
R-6798ad2929ce,- [ ] Unit/integration/property tests on PRs,Low,Quality,/Users/frisowempe/ISA_D/docs/TODO.md,246
R-9e7dbf6f4dc4,- [ ] Coverage ≥90% for core mapping; thresholds in CI,Low,CI/CD,/Users/frisowempe/ISA_D/docs/TODO.md,247
R-a7dbc6e6228b,- [x] Advisory memory coherence gate (drift check) in PR CI,Medium,CI/CD,/Users/frisowempe/ISA_D/docs/TODO.md,248
R-d6bc4e45b84d,- [ ] Sourcegraph/Cody integration (or local sg/rg fallback) for semantic/code e,Low,Data,/Users/frisowempe/ISA_D/docs/TODO.md,252
R-a224f850b0e6,- [ ] Example-centric search (Blueprint/Codota patterns) — process doc with prom,Low,CI/CD,/Users/frisowempe/ISA_D/docs/TODO.md,253
R-76135a52bb4a,- [ ] Agent tool benchmarks: evaluate Cursor/Copilot Agent/Claude Code on curate,Low,Agentic,/Users/frisowempe/ISA_D/docs/TODO.md,254
R-17ef29a93d9c,- [ ] Evaluation frameworks: adopt a small SWE‑bench/DevBench subset in nightly ,Low,Process,/Users/frisowempe/ISA_D/docs/TODO.md,255
R-4a05c8cd9200,- [ ] Static/code health: expand Semgrep rulesets; optionally add CodeScene advi,Low,Process,/Users/frisowempe/ISA_D/docs/TODO.md,256
R-956e4c89cdc2,- [ ] Onboarding assistants: VS Code explainers (GPTutor‑style) added to onboard,Low,Docs,/Users/frisowempe/ISA_D/docs/TODO.md,257
R-ed8b04bd4c2f,"- [ ] Privacy: add deletion events and audit test (expected counts, reasons)",Low,Quality,/Users/frisowempe/ISA_D/docs/TODO.md,261
R-00c4b28c557e,- [ ] Stability: promote coherence gate to enforced after 7 green days,High,CI/CD,/Users/frisowempe/ISA_D/docs/TODO.md,262
R-f6a602b4fd67,"- [ ] Generate matrix (field → source, transform, ESRS link)",Low,Process,/Users/frisowempe/ISA_D/docs/TODO.md,270
R-3beaedf4ef70,- [ ] CI check for unmapped/collisions; waivers tracked,Medium,CI/CD,/Users/frisowempe/ISA_D/docs/TODO.md,271
R-9f56404cb7ab,"- [x] Canonical JSON writer (sorted keys, UTF‑8, newline)",Low,Process,/Users/frisowempe/ISA_D/docs/TODO.md,279
R-b5ece1a9655b,- [ ] Baseline profiling (cProfile/py-spy) captured as artifacts,Low,Process,/Users/frisowempe/ISA_D/docs/TODO.md,289
R-37748cf26847,"- [ ] Optimize I/O (streaming/chunking), vectorize heavy ops",Low,Process,/Users/frisowempe/ISA_D/docs/TODO.md,290
R-1c9d314e6fd1,- [ ] Parallel runner with safe concurrency limits,Low,Process,/Users/frisowempe/ISA_D/docs/TODO.md,291
R-e07d63cd18b6,- [ ] JSON performance: adopt orjson for dumps and critical loads where safe; ca,Low,Process,/Users/frisowempe/ISA_D/docs/TODO.md,296
R-2dec9f2a076d,- [ ] Validation speed: precompile JSON Schemas via fastjsonschema; use Pydantic,Low,Data,/Users/frisowempe/ISA_D/docs/TODO.md,297
R-cbb94c7bc737,- [ ] Dataframes: prototype Polars for heavy transforms; fallback to pandas wher,Low,Quality,/Users/frisowempe/ISA_D/docs/TODO.md,298
R-3f537fcb5512,- [ ] Joins/aggregation: add optional DuckDB path for large joins; compare perf ,Low,Process,/Users/frisowempe/ISA_D/docs/TODO.md,299
R-c22dd89a92da,- [ ] Caching: content-hash + LRU caches for pure functions; HTTP caching (ETag/,Low,Process,/Users/frisowempe/ISA_D/docs/TODO.md,300
R-6739cdca7460,- [ ] I/O streaming: stream CSV/JSONL and compressed inputs; avoid materializing,Low,Process,/Users/frisowempe/ISA_D/docs/TODO.md,301
R-ed0119b5e6fe,- [ ] Async I/O: httpx (async) for external calls with connection pooling and ti,Low,Process,/Users/frisowempe/ISA_D/docs/TODO.md,302
R-9d01995467e6,- [ ] Concurrency: safe multiprocessing for CPU-bound; asyncio for I/O-bound; do,Low,CI/CD,/Users/frisowempe/ISA_D/docs/TODO.md,303
R-27bd28405806,- [ ] Test speed: pytest-xdist for parallel tests; split slow tests to nightly,Low,Quality,/Users/frisowempe/ISA_D/docs/TODO.md,304
R-83f358e67993,- [ ] Memory: tracemalloc and objgraph snapshots for hot paths; fix top leaks,Low,Quality,/Users/frisowempe/ISA_D/docs/TODO.md,305
R-8362e569ec08,- [ ] Content-hash caches for expensive steps (disk-backed),Low,Process,/Users/frisowempe/ISA_D/docs/TODO.md,310
R-d96e986d6ffa,- [ ] Invalidation strategy documented,Low,Docs,/Users/frisowempe/ISA_D/docs/TODO.md,311
R-47e7a022db6c,- [ ] Optional OpenTelemetry spans on pipelines,Low,Process,/Users/frisowempe/ISA_D/docs/TODO.md,321
R-c08555e64244,- [ ] Implement Cognitive Visualizer: agent to generate a `reasoning_graph.merma,Low,CI/CD,/Users/frisowempe/ISA_D/docs/TODO.md,322
R-a0543766f38e,- [x] Memory logs snapshot artifact,Low,Quality,/Users/frisowempe/ISA_D/docs/TODO.md,328
R-9191209493c7,- [ ] Dashboard panel for memory events rate and drift (Grafana),Low,Process,/Users/frisowempe/ISA_D/docs/TODO.md,329
R-7c892f329315,- [ ] Low-overhead structured logging via orjson; add sampling for noisy categor,Low,Observability,/Users/frisowempe/ISA_D/docs/TODO.md,334
R-5e7fce1a53e3,- [ ] Standardize metrics types: counters and histograms (latency P50/P95/P99) w,Low,Quality,/Users/frisowempe/ISA_D/docs/TODO.md,335
R-03a94fcbfcdd,- [ ] Request-scoped correlation/tracing IDs propagated across tasks,Medium,CI/CD,/Users/frisowempe/ISA_D/docs/TODO.md,336
R-3dc0a254a63a,"- [ ] Bandit, pip-audit, gitleaks in CI (advisory → gates)",Medium,CI/CD,/Users/frisowempe/ISA_D/docs/TODO.md,344
R-aa6807bafae2,- [ ] SBOM generation (syft) and Trivy container scan weekly,Low,Security,/Users/frisowempe/ISA_D/docs/TODO.md,345
R-0870c70151e6,- [ ] Vulnerability triage workflow documented,Low,Docs,/Users/frisowempe/ISA_D/docs/TODO.md,346
R-20841b73bfa1,- [x] PR CI skeleton (ruff enforced; others advisory),High,CI/CD,/Users/frisowempe/ISA_D/docs/TODO.md,355
R-a76d7bd9d351,- [x] Nightly and weekly workflows in place,Low,Process,/Users/frisowempe/ISA_D/docs/TODO.md,356
R-b0022698b24e,"- [ ] Release workflow (semver, changelog, signed artifacts)",Low,Process,/Users/frisowempe/ISA_D/docs/TODO.md,357
R-31199a05118d,"- [x] Significance-triggered deep checks wired in CI (Semgrep, extended tests)",Low,CI/CD,/Users/frisowempe/ISA_D/docs/TODO.md,359
R-f9f72e981f58,- [x] Memory coherence gate enforced + memory logs snapshot uploaded,High,CI/CD,/Users/frisowempe/ISA_D/docs/TODO.md,360
R-c1ccf5a858ee,- [x] Combined coverage across app + packages (advisory) and baseline on main,Low,Quality,/Users/frisowempe/ISA_D/docs/TODO.md,361
R-d3e54566649b,- [x] Agent Check workflow (on-demand) added,Low,Agentic,/Users/frisowempe/ISA_D/docs/TODO.md,362
R-4a48aca48656,- [ ] packages/orchestrator: LangGraph graphs (plan→tool→reflect; long jobs),Low,Process,/Users/frisowempe/ISA_D/docs/TODO.md,370
R-8235367ccdab,- [ ] packages/agents/autogen: AutoGen teams + Studio configs; promotion pipelin,Low,Agentic,/Users/frisowempe/ISA_D/docs/TODO.md,371
R-842a839ed220,"- [ ] packages/llm: runtime layer (OpenAI Responses, Bedrock Agents) with one in",Low,Agentic,/Users/frisowempe/ISA_D/docs/TODO.md,372
R-9e5140e68291,- [ ] packages/dspy: DSPy modules for top tasks; training/compile scripts + arti,Low,Process,/Users/frisowempe/ISA_D/docs/TODO.md,373
R-60d5d6854a69,- [ ] infra/rag: Pinecone ingestion/embeddings/indexers/retrievers; eval noteboo,Low,Data,/Users/frisowempe/ISA_D/docs/TODO.md,374
R-d1aa74ff07d3,"- [ ] infra/mcp: MCP client + servers (FS, Git, Build, GS1); secure defaults; sm",Low,CI/CD,/Users/frisowempe/ISA_D/docs/TODO.md,375
R-0a5a2e74fe2e,- [ ] Implement Dynamic Multi-Agent Collaboration: enable the orchestrator to sp,Low,CI/CD,/Users/frisowempe/ISA_D/docs/TODO.md,376
R-434028a65f49,- [x] SuperApp policy: forbid direct LLM calls (guard flag) + minimal orchestrat,Low,Quality,/Users/frisowempe/ISA_D/docs/TODO.md,377
R-129a64c4e8d4,Acceptance: Runtime parity ≥95% on evals; MCP smoke green 7 days; PRs include tr,Medium,Quality,/Users/frisowempe/ISA_D/docs/TODO.md,378
R-322e1de0b0a5,"- [x] Makefile tasks (setup, lint, fix, typecheck, test)",Low,Quality,/Users/frisowempe/ISA_D/docs/TODO.md,382
R-b4be90d4fd8c,- [x] Devcontainer + VS Code tasks (added),Low,Process,/Users/frisowempe/ISA_D/docs/TODO.md,384
R-cd6de0ca10e9,- [ ] 5‑minute onboarding guide and one-command demo,Low,Process,/Users/frisowempe/ISA_D/docs/TODO.md,386
R-414cbd4a096a,- [ ] Great Expectations or pydantic-core suites for inputs,Low,Process,/Users/frisowempe/ISA_D/docs/TODO.md,392
R-b0064a21237b,- [ ] CI gate for data quality with actionable errors,Medium,CI/CD,/Users/frisowempe/ISA_D/docs/TODO.md,394
R-b30f654bf027,"- [ ] Wheels for packages/{isa_c_full,isa_c_mapping} with CLI entries",Low,Process,/Users/frisowempe/ISA_D/docs/TODO.md,404
R-bd0cfc46168c,"- [ ] Docker image for apps/superapp (non-root, healthcheck)",Low,Docs,/Users/frisowempe/ISA_D/docs/TODO.md,406
R-e35d8a093a21,"- [ ] docker-compose demo stack under infra/; K8s readiness doc (probes, statele",Low,Docs,/Users/frisowempe/ISA_D/docs/TODO.md,408
R-5e63dc08c715,- [ ] Split FastAPI app into routers/services; remove in-process uvicorn spawn; ,Low,Process,/Users/frisowempe/ISA_D/docs/TODO.md,416
R-3994c4edceba,- [ ] Health/readiness probes and graceful shutdown; config centralized (pydanti,Low,Process,/Users/frisowempe/ISA_D/docs/TODO.md,417
R-e6d728225522,- [ ] Static/assets served via ASGI static middleware; add CSP header checks in ,Low,Quality,/Users/frisowempe/ISA_D/docs/TODO.md,418
R-fa8d746ba27c,- [x] Lead Developer Autonomy policy documented (act without asking; research-fi,Low,Docs,/Users/frisowempe/ISA_D/docs/TODO.md,423
R-370588a3afdc,- [x] Outcomes logging + weekly summary reports (local-first),Low,Observability,/Users/frisowempe/ISA_D/docs/TODO.md,424
R-b44968557e35,- [x] Docs reference linter and index (search_index) for cross-link integrity,Low,Quality,/Users/frisowempe/ISA_D/docs/TODO.md,425
R-52fa83cc95c9,- [x] PR Notes generator (Plan/Diff/Evidence) for branch updates,Low,Process,/Users/frisowempe/ISA_D/docs/TODO.md,426
R-7783d2fc0a58,- [ ] Implement Tree-of-Thoughts in Planner to explore multiple solution paths; ,Low,Process,/Users/frisowempe/ISA_D/docs/TODO.md,428
R-cc27300cb5e8,"- [ ] Implement Autonomous Tool Creation: enable agent to write, test, and regis",Low,Agentic,/Users/frisowempe/ISA_D/docs/TODO.md,429
R-072fee4cf954,- [ ] Empower Critic to identify and propose proactive refactorings for code wit,Low,Process,/Users/frisowempe/ISA_D/docs/TODO.md,430
R-318abf00b67e,"- [ ] Add multi-provider support for agent instructions (e.g., `docs/agents/gemi",Low,Agentic,/Users/frisowempe/ISA_D/docs/TODO.md,431
R-1d48861d48da,"- [x] Roles, safety policies, autonomy tiers documented",Low,CI/CD,/Users/frisowempe/ISA_D/docs/TODO.md,439
R-1d124a54a08d,"- [ ] Implement policy engine (allowlists, rate limits, kill-switch)",High,Process,/Users/frisowempe/ISA_D/docs/TODO.md,440
R-5be90412b2f2,- [ ] Agent PR dry-run job (plan/diff comment) in CI; document PR comment schema,Low,CI/CD,/Users/frisowempe/ISA_D/docs/TODO.md,441
R-2b22c26bf902,Acceptance: All agent edits via branches; CI green required for merges; kill-swi,High,CI/CD,/Users/frisowempe/ISA_D/docs/TODO.md,443
R-c8b82d69ed54,- [x] Initial reward model drafted,Low,Process,/Users/frisowempe/ISA_D/docs/TODO.md,449
R-ab72d4feea74,- [ ] Bandit strategy set defined; replay logs schema,Low,Security,/Users/frisowempe/ISA_D/docs/TODO.md,450
R-f5524e481e9d,- [ ] Eval suite of low-risk tasks with win-rate tracking,Low,Process,/Users/frisowempe/ISA_D/docs/TODO.md,451
R-d43ad302fc0e,- [ ] Formalize TDD strategy: update Reward Model to heavily incentivize generat,Low,Quality,/Users/frisowempe/ISA_D/docs/TODO.md,452
R-14998c736d22,"- [ ] SLOs for agent success, revert rate, planning latency",Low,Agentic,/Users/frisowempe/ISA_D/docs/TODO.md,459
R-dbcbf426e431,- [ ] Alerts wired (Slack) for budget breaches,Low,Process,/Users/frisowempe/ISA_D/docs/TODO.md,460
R-7abe5af858df,- [ ] Tiered autonomy rollout (T0→T2) playbook,Low,Process,/Users/frisowempe/ISA_D/docs/TODO.md,468
R-af14b5af7ece,- [ ] Rollback & repro pack automation,Low,Process,/Users/frisowempe/ISA_D/docs/TODO.md,469
R-05b2f6725569,- [ ] Adapter abstraction for LLM/tooling (DeepSeek-ready),Low,Process,/Users/frisowempe/ISA_D/docs/TODO.md,474
R-86a171ea607c,- [ ] Parity tests (plan/diff consistency) across engines,Low,Quality,/Users/frisowempe/ISA_D/docs/TODO.md,475
R-39a0879f68e4,"- [ ] Foundations: adapter interface, flags, eval harness",Low,Process,/Users/frisowempe/ISA_D/docs/TODO.md,480
R-e0741e3fc8af,- [ ] ESG‑BERT + rules MVP (NOW),Low,Process,/Users/frisowempe/ISA_D/docs/TODO.md,481
R-07f72f5a6c0a,- [ ] LNN rule validator (NOW),Low,Process,/Users/frisowempe/ISA_D/docs/TODO.md,482
R-a7898f8f2377,- [ ] SenticNet client (NOW optional),Low,Process,/Users/frisowempe/ISA_D/docs/TODO.md,483
R-ebc4721e2fa2,"- [ ] Pilots: ESGSenticNet, DeepProbLog, Weave.AI",Low,Process,/Users/frisowempe/ISA_D/docs/TODO.md,484
R-39fd381fcbf2,"- [ ] Research: NeurASP, DON",Low,Process,/Users/frisowempe/ISA_D/docs/TODO.md,485
R-1516620ab718,Acceptance: Each adapter promoted only after meeting metrics for 7 consecutive d,Medium,Observability,/Users/frisowempe/ISA_D/docs/TODO.md,486
R-348ad72c8b8b,- [x] Router + logs + tests,Low,Quality,/Users/frisowempe/ISA_D/docs/TODO.md,490
R-8ad1d176379f,- [ ] Zep adapter behind flag (temporal KG),Low,Process,/Users/frisowempe/ISA_D/docs/TODO.md,491
R-9f2ad0a9d58d,- [ ] MemEngine adapter behind flag,Low,Process,/Users/frisowempe/ISA_D/docs/TODO.md,492
R-b2c6c2820204,- [ ] A‑MEM adapter behind flag,Low,Process,/Users/frisowempe/ISA_D/docs/TODO.md,493
R-dd6b8e6ac6af,- [ ] AWS memory‑augmented patterns (S3/Dynamo) behind flag,Low,Process,/Users/frisowempe/ISA_D/docs/TODO.md,494
R-2618afabb031,- [ ] MCP protocol for tool/context access (explore),Low,Process,/Users/frisowempe/ISA_D/docs/TODO.md,495
R-c1d50223f942,- [ ] LangChain memory modules (buffer/summary/vector) parity tests,Low,Quality,/Users/frisowempe/ISA_D/docs/TODO.md,496
R-70b6f49b4ace,"- [ ] Source registry and ingestion (official portals, regulators, legislative D",Low,CI/CD,/Users/frisowempe/ISA_D/docs/TODO.md,501
R-2b2e0f58e38d,- [ ] NLP summaries and requirement extraction; accuracy sampling process,Low,Process,/Users/frisowempe/ISA_D/docs/TODO.md,502
R-8dd8c65f4773,- [ ] Horizon scanning models + evidence logging (predictions → outcomes),Low,Observability,/Users/frisowempe/ISA_D/docs/TODO.md,503
R-168f8311977c,- [ ] Stakeholder/engagement graph; link to advocacy playbooks,Low,Process,/Users/frisowempe/ISA_D/docs/TODO.md,504
R-e3beaaeab5cb,- [ ] Role dashboards + alerts; sector briefs; portal widgets for members,Low,Process,/Users/frisowempe/ISA_D/docs/TODO.md,505
R-f9c85f7b34f2,"- [ ] Intelligence‑as‑a‑Service packaging (tiers, SLAs, pricing); billing integr",Low,CI/CD,/Users/frisowempe/ISA_D/docs/TODO.md,506
R-694a77ad4510,- [ ] Workshop: secure co‑authoring with version history and threaded comments,Low,Process,/Users/frisowempe/ISA_D/docs/TODO.md,511
R-11d47c6fd42a,- [ ] Forum: AI comment triage; structured dissent resolution; digital balloting,Low,Process,/Users/frisowempe/ISA_D/docs/TODO.md,512
R-cf25df8192d2,- [ ] Opportunity Engine: proactive work item detection from RI + market/tech si,Low,Process,/Users/frisowempe/ISA_D/docs/TODO.md,513
R-46ac5ba35ecb,- [ ] Publisher: automated validation/linting; multi‑format outputs; cross‑stand,Low,Quality,/Users/frisowempe/ISA_D/docs/TODO.md,514
R-674d43dae3a8,- [ ] Contributor analytics; publication latency dashboard; UX hardening,Low,Process,/Users/frisowempe/ISA_D/docs/TODO.md,515
R-c4dd4daa8427,- [ ] Flip mypy/tests/security to enforced after stability window,High,Security,/Users/frisowempe/ISA_D/docs/TODO.md,520
R-578e125f3e57,- [ ] Set coverage/type thresholds in CI and document waivers,Medium,CI/CD,/Users/frisowempe/ISA_D/docs/TODO.md,521
R-bbf05e4e6cfa,Acceptance: Gates enforced with minimal flakiness; waivers tracked in TECH_DEBT.,High,CI/CD,/Users/frisowempe/ISA_D/docs/TODO.md,522
R-ba76ccdf210e,"- [ ] Data classification (PII, sensitive, public); tag flows",Low,Data,/Users/frisowempe/ISA_D/docs/TODO.md,526
R-1a53b64dcbf5,- [ ] DPIA and threat model for data processing,Low,Data,/Users/frisowempe/ISA_D/docs/TODO.md,527
R-b146724fe8ee,- [ ] DSR playbooks (access/delete/export) and retention policy,Low,Process,/Users/frisowempe/ISA_D/docs/TODO.md,528
R-fd589c54433b,- [ ] Redaction/anonymization utilities with tests,Low,Quality,/Users/frisowempe/ISA_D/docs/TODO.md,529
R-2dbdb608228f,- [ ] Ownership/stewardship matrix for datasets and schemas,Low,Data,/Users/frisowempe/ISA_D/docs/TODO.md,534
R-626db764a97c,"- [ ] Lineage capture for pipelines (run IDs, input/output content hashes; consi",Low,Data,/Users/frisowempe/ISA_D/docs/TODO.md,535
R-3ed2bca912ab,- [ ] Data versioning policy for golden datasets (Git LFS/DVC) without repo bloa,Low,Data,/Users/frisowempe/ISA_D/docs/TODO.md,536
R-6e500afbc9f1,- [ ] Data catalog export (even if lightweight JSON),Low,Data,/Users/frisowempe/ISA_D/docs/TODO.md,537
R-fbe0a745cdb2,- 0–3: Nascent — documented intent only,Low,Docs,/Users/frisowempe/ISA_D/docs/AGENTIC_SCORECARD.md,5
R-cda509ed3438,"- 9–10: Excellent — enforced, stable (7+ days), metrics tracked, rollback/canari",High,Observability,/Users/frisowempe/ISA_D/docs/AGENTIC_SCORECARD.md,8
R-f4820b35ee26,- Verification & Gates: 7/10 — promote to enforced after stability (7 days) next,High,CI/CD,/Users/frisowempe/ISA_D/docs/AGENTIC_SCORECARD.md,19
R-baf9aa74ce67,- Flip tests/coverage/mypy/semgrep to enforced after 7 green days (core paths).,High,Quality,/Users/frisowempe/ISA_D/docs/AGENTIC_SCORECARD.md,27
R-6db3a5eff1b5,- [ ] Lint clean (ruff) and formatted,Low,Quality,/Users/frisowempe/ISA_D/docs/DEFINITION_OF_DONE.md,9
R-94ced6e9e842,- [ ] Typecheck clean (mypy) or waivers documented in TECH_DEBT.md,Medium,Quality,/Users/frisowempe/ISA_D/docs/DEFINITION_OF_DONE.md,10
R-3f9e651a6d3c,- [ ] Tests updated/added; PR CI test job green (advisory until gates flip),Medium,CI/CD,/Users/frisowempe/ISA_D/docs/DEFINITION_OF_DONE.md,11
R-dd6474ce19ff,"- [ ] Determinism preserved (snapshots/canonical outputs, where applicable)",Low,Quality,/Users/frisowempe/ISA_D/docs/DEFINITION_OF_DONE.md,12
R-c5e38311d6ef,- [ ] Security checks reviewed (Bandit/pip-audit output; zero high/critical on m,Low,Security,/Users/frisowempe/ISA_D/docs/DEFINITION_OF_DONE.md,13
R-f48eff0c4bcd,- [ ] Docs updated (README/CHANGELOG/runbooks as relevant),Low,Docs,/Users/frisowempe/ISA_D/docs/DEFINITION_OF_DONE.md,14
R-779d4005add1,- [ ] Rollback notes and risk in PR description; no destructive migrations witho,Low,Process,/Users/frisowempe/ISA_D/docs/DEFINITION_OF_DONE.md,15
R-0e3bd68e046a,- [ ] Adapters/feature flags used for new integrations; defaults safe (OFF),Low,Process,/Users/frisowempe/ISA_D/docs/DEFINITION_OF_DONE.md,16
R-d17d58de4e3e,- [ ] Guard tests for public surface/routers; behavior unchanged unless specifie,Low,CI/CD,/Users/frisowempe/ISA_D/docs/DEFINITION_OF_DONE.md,19
R-2e041b637b93,- [ ] Observability: structured logs with correlation IDs; metrics for critical ,Low,Observability,/Users/frisowempe/ISA_D/docs/DEFINITION_OF_DONE.md,20
R-49a259c33c36,- [ ] Config via typed settings; no secrets in code; .env.example updated,Low,Security,/Users/frisowempe/ISA_D/docs/DEFINITION_OF_DONE.md,21
R-056dc1f46261,"- [ ] Performance impact considered; if marked critical, include benchmark delta",Low,Process,/Users/frisowempe/ISA_D/docs/DEFINITION_OF_DONE.md,22
R-f15e6884f7da,- [ ] Schema/mapping matrix updated; data quality checks pass (no new critical f,Low,Data,/Users/frisowempe/ISA_D/docs/DEFINITION_OF_DONE.md,25
R-d7635dce3cd1,- [ ] Snapshot/golden outputs updated intentionally; review includes diff of can,Low,Quality,/Users/frisowempe/ISA_D/docs/DEFINITION_OF_DONE.md,26
R-61a9e1022437,- [ ] Large datasets handled via LFS/DVC or artifacts (no repo bloat),Low,Data,/Users/frisowempe/ISA_D/docs/DEFINITION_OF_DONE.md,27
R-79f2b1ab97fb,- [ ] Docs build; links and examples tested,Low,Quality,/Users/frisowempe/ISA_D/docs/DEFINITION_OF_DONE.md,30
R-319810b70913,- [ ] PR template/DoD alignment verified,Low,Process,/Users/frisowempe/ISA_D/docs/DEFINITION_OF_DONE.md,31
R-b5054f1e1cc1,- [ ] Autonomy: changes follow Lead Developer mode (act without asking); escalat,Low,Process,/Users/frisowempe/ISA_D/docs/DEFINITION_OF_DONE.md,32
R-2eb8f87f7275,"- [ ] R2P artifacts attached: search ledger, POC protocol, replication notes",Low,Process,/Users/frisowempe/ISA_D/docs/DEFINITION_OF_DONE.md,35
R-85322fe384f9,- [ ] Decision (Adopt/Hold/Reject) recorded; ADR if adopted; adapter+flag integr,Low,CI/CD,/Users/frisowempe/ISA_D/docs/DEFINITION_OF_DONE.md,36
R-be2a7d9803ca,- [ ] Shadow A/B plan for 7-day stability documented before gating,Low,Docs,/Users/frisowempe/ISA_D/docs/DEFINITION_OF_DONE.md,37
R-9943098c1357,- Phase 3: Nap‑time learning promotion; memory drift thresholds tuned; flip cohe,High,CI/CD,/Users/frisowempe/ISA_D/docs/ROADMAP.md,98
R-ff397f7990e1,- Phase 1: ruff enforced; mypy/tests advisory.,High,Quality,/Users/frisowempe/ISA_D/docs/ROADMAP.md,164
R-69e02fd41472,- Phase 2–3: ≥90% coverage; flip type/tests to enforced; nightly mutation ≥70%.,High,Quality,/Users/frisowempe/ISA_D/docs/ROADMAP.md,166
R-e460a7532c43,- Process: Definition of Done + PR template enforced on PRs.,High,Process,/Users/frisowempe/ISA_D/docs/ROADMAP.md,170
R-f18a1cb5d8e4,- Gate A: ruff enforced; PR CI green; monorepo ready.,High,CI/CD,/Users/frisowempe/ISA_D/docs/ROADMAP.md,267
R-a73741d1973a,"- Gate B: coverage ≥90% (core), mypy enforced, mapping matrix complete.",High,CI/CD,/Users/frisowempe/ISA_D/docs/ROADMAP.md,268
R-2249377906ce,- Gate OI: runtime parity ≥95% on eval tasks; MCP smoke green 7 days; orchestrat,High,CI/CD,/Users/frisowempe/ISA_D/docs/ROADMAP.md,272
R-3b64371b9362,- CP-1 (to Gate A): Monorepo target layout approved → Migration map finalized → ,High,CI/CD,/Users/frisowempe/ISA_D/docs/ROADMAP.md,279
R-e3f969700429,- CP-2 (to Gate B): Tests stabilized (core coverage ≥90%) → mypy green on target,High,CI/CD,/Users/frisowempe/ISA_D/docs/ROADMAP.md,280
R-37aee7014276,- CP-4 (to Gate D): Security baseline triaged → no high/critical in Bandit/pip-a,High,CI/CD,/Users/frisowempe/ISA_D/docs/ROADMAP.md,282
R-5d1334070c81,- A check flips from advisory to enforced only after 7 consecutive green nightly,High,Process,/Users/frisowempe/ISA_D/docs/ROADMAP.md,287
R-0dac310f7ca6,"- Medium term (weeks 3–6): Quality gates (typing/tests/security) enforced, deter",High,CI/CD,/Users/frisowempe/ISA_D/docs/ROADMAP.md,292
R-102b34e2c058,- Memory coherence: enforced drift gate; uploads memory logs snapshot.,High,CI/CD,/Users/frisowempe/ISA_D/docs/CI_WORKFLOWS.md,11
R-8e5fcb6d132b,- Large/binary files should be tracked via LFS where retention is required (see ,Medium,CI/CD,/Users/frisowempe/ISA_D/docs/CI_WORKFLOWS.md,52
R-2c36c7163d42,"Once these conditions are met, flip the memory coherence gate from advisory to e",High,CI/CD,/Users/frisowempe/ISA_D/docs/CI_WORKFLOWS.md,60
R-c868f71180b0,- Enforced: failures block merges.,High,CI/CD,/Users/frisowempe/ISA_D/docs/QUALITY_GATES.md,6
R-81bd5d41c221,Initial PR CI (advisory → enforced when stable),High,CI/CD,/Users/frisowempe/ISA_D/docs/QUALITY_GATES.md,8
R-61e2990ce1a8,- Lint/format (ruff): enforced immediately.,High,CI/CD,/Users/frisowempe/ISA_D/docs/QUALITY_GATES.md,9
R-42bdfb61ef9f,- Typecheck (mypy): advisory → enforced once green for 7 consecutive days.,High,CI/CD,/Users/frisowempe/ISA_D/docs/QUALITY_GATES.md,10
R-64d1c3a84747,- Tests + coverage: advisory → enforced at ≥90% coverage (core modules).,High,CI/CD,/Users/frisowempe/ISA_D/docs/QUALITY_GATES.md,11
R-dde0de68d4bf,"- Security (bandit, pip-audit, gitleaks): advisory → enforced once baseline issu",High,CI/CD,/Users/frisowempe/ISA_D/docs/QUALITY_GATES.md,12
R-0e96d86436ae,- **Linting**: Must pass `ruff check`.,High,CI/CD,/Users/frisowempe/ISA_D/docs/QUALITY_GATES.md,19
R-18545355100b,- **Formatting**: Must pass `ruff format --check`.,High,CI/CD,/Users/frisowempe/ISA_D/docs/QUALITY_GATES.md,20
R-da76116b54ff,- **Type Checking**: Must pass `mypy` with no errors (once the gate is enforced),High,CI/CD,/Users/frisowempe/ISA_D/docs/QUALITY_GATES.md,21
R-28bf891b9551,- **Testing**: Must be covered by `pytest` unit or integration tests where appli,High,CI/CD,/Users/frisowempe/ISA_D/docs/QUALITY_GATES.md,22
R-ad054c50f65e,- **Security**: Must pass `bandit` and `pip-audit` scans with no high/critical v,High,CI/CD,/Users/frisowempe/ISA_D/docs/QUALITY_GATES.md,23
R-8d00ac61d083,All test files (`**/tests/**/*.py`) are considered part of the project's quality,High,CI/CD,/Users/frisowempe/ISA_D/docs/QUALITY_GATES.md,27
R-bcc0186b674a,"Project configuration files (`.yml`, `.toml`, `.yaml`, `Dockerfile`, etc.) are g",High,CI/CD,/Users/frisowempe/ISA_D/docs/QUALITY_GATES.md,31
R-f314121b818d,- Memory coherence: enforced drift gate (threshold tuned); report includes coher,High,CI/CD,/Users/frisowempe/ISA_D/docs/QUALITY_GATES.md,38
R-ea85114a3218,- pip-audit runs in PR CI (advisory → enforced) against these manifests; remedia,High,CI/CD,/Users/frisowempe/ISA_D/docs/QUALITY_GATES.md,46
R-898e366a0a91,- Flip a check to enforced only after it runs green for a sustained period or ha,High,CI/CD,/Users/frisowempe/ISA_D/docs/QUALITY_GATES.md,50
R-a902ef8c37df,Gate‑Flip Conditions (Advisory → Enforced),High,CI/CD,/Users/frisowempe/ISA_D/docs/QUALITY_GATES.md,52
R-4d952ce8788d,"- For urgent fixes that must bypass gates, use a dedicated ""break‑glass"" label a",High,CI/CD,/Users/frisowempe/ISA_D/docs/QUALITY_GATES.md,63
R-86f8a81d373c,- Requirements: all tests/linters must still run; post‑merge follow‑up issue to ,High,CI/CD,/Users/frisowempe/ISA_D/docs/QUALITY_GATES.md,65
R-95ceec0213e2,Waiver Policy,Medium,CI/CD,/Users/frisowempe/ISA_D/docs/QUALITY_GATES.md,67
R-5b53b5dacb02,"- Waivers must be documented in TECH_DEBT.md with owner, reason, scope, and expi",High,CI/CD,/Users/frisowempe/ISA_D/docs/QUALITY_GATES.md,68
R-d02e54d5b4f5,- Memory coherence: gate promoted to enforced after 7 consecutive green PRs (now,High,CI/CD,/Users/frisowempe/ISA_D/docs/QUALITY_GATES.md,74
R-3278d70a22bb,- Promotion: orjson default may be considered only after cross‑OS parity and 7 c,Low,CI/CD,/Users/frisowempe/ISA_D/docs/QUALITY_GATES.md,82
R-0487ebc6c5b8,"- Gates: Lint (enforced), Types/Tests/Security (advisory → enforced after 7 gree",High,CI/CD,/Users/frisowempe/ISA_D/docs/QUALITY_METHODS.md,8
R-308d70a02fb4,- Orchestrator‑Only Policy: Enforce `ISA_FORBID_DIRECT_LLM=1` in environments th,High,Process,/Users/frisowempe/ISA_D/docs/QUALITY_METHODS.md,13
R-e328d4af5a32,- Promotion: Any advisory check flips to enforced only after stable green (7‑day,High,Process,/Users/frisowempe/ISA_D/docs/QUALITY_METHODS.md,17
R-edd1161908be,- Budgets and alerts configured for costly features; PRs must not exceed budget ,High,Process,/Users/frisowempe/ISA_D/docs/COST_TELEMETRY.md,18
R-14ef97e36920,- Quality: Core coverage ≥90%; type errors = 0 on target modules; determinism ga,High,CI/CD,/Users/frisowempe/ISA_D/docs/AGENTIC_GOALS.md,8
R-192d70fed238,- Gate B: mypy + tests enforced on core paths; coverage no-regression guard acti,High,CI/CD,/Users/frisowempe/ISA_D/docs/AGENTIC_GOALS.md,15
R-e0f0c3e9455b,- Flip Gates: Promote tests/coverage/type/semgrep to enforced for core paths aft,High,CI/CD,/Users/frisowempe/ISA_D/docs/ADOPTION_PLAN.md,23
R-daddd4f58e64,Acceptance: Gates enforced; zero regressions in 7-day window; council summaries ,High,CI/CD,/Users/frisowempe/ISA_D/docs/ADOPTION_PLAN.md,26
R-c69210acb646,- [ ] Deliver AI Project Charter (docs/AI_PROJECT_CHARTER.md) — owner: eng-lead ,Medium,Docs,/Users/frisowempe/ISA_D/docs/IMPLEMENTATION_PLAN.md,9
R-4140ff5a1d75,- [ ] Deliver Vector Store Schema (docs/VECTOR_STORE_SCHEMA.md) — owner: data-en,Medium,Data,/Users/frisowempe/ISA_D/docs/IMPLEMENTATION_PLAN.md,11
R-01d0173fc8c8,- [ ] Deliver Model Card (docs/model_cards/EXAMPLE.md) — owner: data-science — A,Medium,CI/CD,/Users/frisowempe/ISA_D/docs/IMPLEMENTATION_PLAN.md,13
R-9619237ae944,- [ ] Deliver Data Catalog stub (data/data_catalog.yaml) — owner: data-engineer ,Medium,Data,/Users/frisowempe/ISA_D/docs/IMPLEMENTATION_PLAN.md,15
R-d9cd36c83aa9,"- Risk: CI churn from new doc checks. Mitigation: start advisory, roll to enforc",High,CI/CD,/Users/frisowempe/ISA_D/docs/IMPLEMENTATION_PLAN.md,57
R-5649ad29a9ec,- `libraryName` (required): The name of the library to search for,Low,Process,/Users/frisowempe/ISA_D/context7-master/README.md,973
R-371d69623194,- `context7CompatibleLibraryID` (required): Exact Context7-compatible library ID,Low,Docs,/Users/frisowempe/ISA_D/context7-master/README.md,976
R-5655b1cfc021,- [ ] Lint/format clean (ruff),Low,Quality,/Users/frisowempe/ISA_D/.github/pull_request_template.md,8
R-9eda75743fee,- [ ] Typecheck clean (mypy) or waivers documented,Medium,Quality,/Users/frisowempe/ISA_D/.github/pull_request_template.md,9
R-2e8f82227af4,- [ ] Tests updated/added and green (advisory until gates flip),Medium,CI/CD,/Users/frisowempe/ISA_D/.github/pull_request_template.md,10
R-ad778c49738e,- [ ] Determinism preserved (snapshots/canonical outputs where applicable),Low,Quality,/Users/frisowempe/ISA_D/.github/pull_request_template.md,11
R-2f891dc74edb,- [ ] Memory coherence reviewed (gate output and memory logs snapshot in CI arti,Medium,CI/CD,/Users/frisowempe/ISA_D/.github/pull_request_template.md,12
R-3c7e14f9d61d,- [ ] Coherence audit reviewed (coherence scorecard and orphans list in CI artif,Low,CI/CD,/Users/frisowempe/ISA_D/.github/pull_request_template.md,13
R-c29c0c18181a,- [ ] Security reviewed (Bandit/pip-audit output); no secrets committed,Low,Security,/Users/frisowempe/ISA_D/.github/pull_request_template.md,14
R-682b1609909d,- [ ] Docs updated (README/CHANGELOG/runbooks as needed),Low,Docs,/Users/frisowempe/ISA_D/.github/pull_request_template.md,15
R-27ebea23eb06,- [ ] Rollback plan noted,Low,Process,/Users/frisowempe/ISA_D/.github/pull_request_template.md,16
R-80cc9cbb843f,- [ ] Adapters/feature flags for new integrations (default OFF),Low,Process,/Users/frisowempe/ISA_D/.github/pull_request_template.md,17
R-806687f0119d,- [ ] `make docs-lint` (fix any broken refs; see `docs/audit/docs_ref_report.md`,Low,Quality,/Users/frisowempe/ISA_D/.github/pull_request_template.md,21
R-04e283c8dc8f,- [ ] `make healthcheck` (review `docs/audit/healthcheck.md` and attach key exce,Low,Docs,/Users/frisowempe/ISA_D/.github/pull_request_template.md,22
R-faa9d9438aa1,- [ ] `make pr-notes` (attach `agent/outcomes/PR_NOTES.md` Plan/Diff/Evidence),Low,Agentic,/Users/frisowempe/ISA_D/.github/pull_request_template.md,23
R-c82036dc7944,Scope: Safe stubs for plan→tool→reflect graphs (no external deps). Use to prove ,Low,Process,/Users/frisowempe/ISA_D/src/orchestrator/README.md,4
R-8b57626a3be8,- [ ] Draft,Low,Process,/Users/frisowempe/ISA_D/.github/ISSUE_TEMPLATE/high-priority-governance.md,30
R-ef9b42da4bed,- [ ] Internal review,Low,Process,/Users/frisowempe/ISA_D/.github/ISSUE_TEMPLATE/high-priority-governance.md,31
R-4c5cdb75e2d3,- [ ] Commit,Low,Process,/Users/frisowempe/ISA_D/.github/ISSUE_TEMPLATE/high-priority-governance.md,32
R-f1a840d1c6d2,- [ ] PR,Low,Process,/Users/frisowempe/ISA_D/.github/ISSUE_TEMPLATE/high-priority-governance.md,33
R-8a7d49596585,- [ ] Review & merge,Low,Process,/Users/frisowempe/ISA_D/.github/ISSUE_TEMPLATE/high-priority-governance.md,34
R-0d2db702e3b4,- **`excludeFiles`** (array): Specific file names to exclude from documentation ,Low,CI/CD,/Users/frisowempe/ISA_D/context7-master/docs/adding-projects.md,51
R-db120e3569b9,> **Note**: The `tag` value must exactly match an existing Git tag in your GitHu,High,Process,/Users/frisowempe/ISA_D/context7-master/docs/adding-projects.md,112
R-4bc8f65367b3,- Introduce a JSON Schema validation utility based on fastjsonschema for heavy s,Low,Security,/Users/frisowempe/ISA_D/docs/ADR/0004-validation-fastjsonschema.md,8
R-b526e48abb57,- Improved throughput for schema-only paths; two validation mechanisms increase ,Low,Security,/Users/frisowempe/ISA_D/docs/ADR/0004-validation-fastjsonschema.md,13
R-78ebb1dd9e8a,- Promotion: enable orjson by default only after cross‑OS verification and 7 gre,Low,Security,/Users/frisowempe/ISA_D/docs/ADR/0003-canonical-json-orjson.md,25
R-a0b7008ae9fd,- The agent edits code and runs tools; safety must be explicit and enforceable.,High,CI/CD,/Users/frisowempe/ISA_D/docs/ADR/0002-agent-safety-and-autonomy.md,5
R-f395d3514b10,Kill-Switch & Triggers (Details),High,Agentic,/Users/frisowempe/ISA_D/docs/ADR/0002-agent-safety-and-autonomy.md,13
R-da24075aa771,- Promotion criteria: Tier advancement only after 4 consecutive weeks meeting au,Low,CI/CD,/Users/frisowempe/ISA_D/docs/ADR/0002-agent-safety-and-autonomy.md,18
R-7b369e299909,- Default safe OFF for external calls in CI; keys via env; rate limits and budge,High,CI/CD,/Users/frisowempe/ISA_D/docs/llm/RUNTIME_LAYER.md,12
R-478534417c88,CI (Advisory → Enforced),High,CI/CD,/Users/frisowempe/ISA_D/docs/data_quality/EXPECTATIONS_PLAN.md,13
R-823a3cf429e2,- Promote to enforced for core paths after 7 green runs (no critical failures).,High,Process,/Users/frisowempe/ISA_D/docs/data_quality/EXPECTATIONS_PLAN.md,15
R-f2d74348b205,"- FS (filesystem restricted), Git (read‑only by default), Build (safe commands c",Low,Process,/Users/frisowempe/ISA_D/docs/interop/MCP.md,8
R-f9695e160086,- Expose tools/data via MCP servers; consume via an MCP client. All tools must b,High,Data,/Users/frisowempe/ISA_D/docs/agents/INTEGRATION_PROMPTS.md,11
R-3d001d99157f,8) Refactor SuperApp to call the orchestrator only; forbid direct LLM calls.,Low,Process,/Users/frisowempe/ISA_D/docs/agents/INTEGRATION_PROMPTS.md,23
R-cd4eb4e201fb,8) SuperApp refactor — call orchestrator only; forbid direct LLM calls,Low,Process,/Users/frisowempe/ISA_D/docs/agents/ORCHESTRATION_ARCHITECTURE.md,69
R-3c807095107f,**Important:** For a comprehensive onboarding experience and detailed operationa,High,CI/CD,/Users/frisowempe/ISA_D/docs/agents/AGENTS.md,4
R-f0abe0590203,- Respect autonomy tiers (T0/T1/T2). Default T0/T1 branch writes only; T2 only f,Low,Process,/Users/frisowempe/ISA_D/docs/agents/AGENTS.md,9
R-db2f4b2e6437,"- Escalate only on policy triggers: kill-switch active, destructive/irreversible",High,CI/CD,/Users/frisowempe/ISA_D/docs/agents/AGENTS.md,34
R-3e8ce88ecedf,- Autonomy: Act without asking. Seek minimal human input; escalate only on polic,Low,Data,/Users/frisowempe/ISA_D/docs/agents/CODEGENESIS.md,7
R-e613f4402119,- [ ] Flip ruff/pytest/coverage/semgrep to enforced after 7-day stability (3 pts,High,Quality,/Users/frisowempe/ISA_D/docs/audit/remediation_plan.md,3
R-e97b02cd930d,- [ ] Add determinism snapshot CI job (advisory → enforced) (2 pts),High,CI/CD,/Users/frisowempe/ISA_D/docs/audit/remediation_plan.md,4
R-d92393058128,- [ ] Add docs build (MkDocs) advisory gate (1 pt),Medium,CI/CD,/Users/frisowempe/ISA_D/docs/audit/remediation_plan.md,5
R-74a9aaf0214a,- [ ] Add container build + /metrics curl check in CI (2 pts),Low,CI/CD,/Users/frisowempe/ISA_D/docs/audit/remediation_plan.md,6
R-6ffd064fac89,- [ ] Enforce kill-switch/waiver labels in CI (1 pt),High,CI/CD,/Users/frisowempe/ISA_D/docs/audit/remediation_plan.md,7
R-728d73fea19a,- [ ] Link dependency files to pip-audit policy in QUALITY_GATES (1 pt),Medium,CI/CD,/Users/frisowempe/ISA_D/docs/audit/remediation_plan.md,8
R-eac11228517d,"- [ ] Reference workflows (docs_auto_sync, poc_bench) in CI_WORKFLOWS and QUALIT",Medium,CI/CD,/Users/frisowempe/ISA_D/docs/audit/remediation_plan.md,9
R-26efbaaff847,- [ ] Reduce completeness gaps by referencing key docs in ROADMAP/TODO/DoD (2 pt,Low,CI/CD,/Users/frisowempe/ISA_D/docs/audit/remediation_plan.md,10
R-3da06c350a74,"- CI Gates: Present 15, Enforced 5, Advisory 10",High,CI/CD,/Users/frisowempe/ISA_D/docs/audit/audit_report.md,5
R-772edc6c4666,Required Sample Size (calc + method):,Low,Process,/Users/frisowempe/ISA_D/docs/templates/power_analysis_template.md,8
R-118ff3e4bbab,- Event logs (append-only JSONL): `agent/memory/memory_log.jsonl`,Low,Agentic,/Users/frisowempe/ISA_D/docs/ops/memory_privacy_dsr.md,8
R-540278444bcc,- Keep deletion reversible only via backups until retention windows expire. Revi,Low,Process,/Users/frisowempe/ISA_D/docs/ops/memory_privacy_dsr.md,20
