RuleID,SourceFile,Line,Artefact,Status,Evidence
R-c51c41fde8dc,/Users/frisowempe/ISA_D/QUALITY_SCORECARD.md,9,/Users/frisowempe/ISA_D/.github/workflows/ci.yml,PASS,25: pip install ruff mypy pytest pytest-cov bandit pip-audit radon
R-faea8c0a6e0c,/Users/frisowempe/ISA_D/QUALITY_SCORECARD.md,15,/Users/frisowempe/ISA_D/.github/workflows/ci.yml,PASS,25: pip install ruff mypy pytest pytest-cov bandit pip-audit radon
R-62b5674f465d,/Users/frisowempe/ISA_D/gemini.md,10,,FAIL,
R-6460d79d09cb,/Users/frisowempe/ISA_D/gemini.md,24,,FAIL,
R-bb2e59f85d58,/Users/frisowempe/ISA_D/docs/RESEARCH_KNOWLEDGE_GAPS.md,41,/Users/frisowempe/ISA_D/.github/workflows/ci.yml,PASS,25: pip install ruff mypy pytest pytest-cov bandit pip-audit radon
R-1a9613b3df22,/Users/frisowempe/ISA_D/docs/RESEARCH_KNOWLEDGE_GAPS.md,237,,FAIL,
R-b195ab9d09e6,/Users/frisowempe/ISA_D/docs/RESEARCH_KNOWLEDGE_GAPS.md,239,,FAIL,
R-d25ece872f47,/Users/frisowempe/ISA_D/docs/VECTOR_STORE_SCHEMA.md,10,,FAIL,
R-18792834f632,/Users/frisowempe/ISA_D/docs/VECTOR_STORE_SCHEMA.md,21,,FAIL,
R-40eea275e63b,/Users/frisowempe/ISA_D/docs/VECTOR_STORE_SCHEMA.md,37,,FAIL,
R-fad2263d458a,/Users/frisowempe/ISA_D/docs/RESEARCH_OPERATIONS.md,16,,FAIL,
R-4c4306378c14,/Users/frisowempe/ISA_D/docs/AI_AGENT_ONBOARDING.md,7,,FAIL,
R-496097b5f803,/Users/frisowempe/ISA_D/docs/AI_AGENT_ONBOARDING.md,33,,FAIL,
R-fbc69238d586,/Users/frisowempe/ISA_D/docs/AGENTIC_ARCHITECTURE.md,17,,FAIL,
R-aaa35a89051b,/Users/frisowempe/ISA_D/docs/AGENTIC_ARCHITECTURE.md,22,,FAIL,
R-f632eea427dd,/Users/frisowempe/ISA_D/docs/AGENTIC_ARCHITECTURE.md,43,,FAIL,
R-03df19646c9a,/Users/frisowempe/ISA_D/docs/AGENTIC_ARCHITECTURE.md,50,,FAIL,
R-ae7d57080c6e,/Users/frisowempe/ISA_D/docs/AGENTIC_ARCHITECTURE.md,59,/Users/frisowempe/ISA_D/.github/workflows/ci.yml,PASS,25: pip install ruff mypy pytest pytest-cov bandit pip-audit radon
R-d94261f042ae,/Users/frisowempe/ISA_D/docs/AGENTIC_ARCHITECTURE.md,66,,FAIL,
R-549e10fa406b,/Users/frisowempe/ISA_D/docs/AGENTIC_ARCHITECTURE.md,69,/Users/frisowempe/ISA_D/.github/workflows/ci.yml,PASS,25: pip install ruff mypy pytest pytest-cov bandit pip-audit radon
R-cec3f22c4a90,/Users/frisowempe/ISA_D/docs/AGENTIC_ARCHITECTURE.md,80,,WARN,
R-f735c039e15e,/Users/frisowempe/ISA_D/docs/AGENTIC_ARCHITECTURE.md,88,,FAIL,
R-7b914e9aa844,/Users/frisowempe/ISA_D/docs/ULTIMATE_PLAN.md,11,/Users/frisowempe/ISA_D/.github/workflows/ci.yml,PASS,25: pip install ruff mypy pytest pytest-cov bandit pip-audit radon
R-53af647a56a4,/Users/frisowempe/ISA_D/docs/ULTIMATE_PLAN.md,12,,FAIL,
R-5b46b44db252,/Users/frisowempe/ISA_D/docs/ULTIMATE_PLAN.md,13,,FAIL,
R-7f4c1771020f,/Users/frisowempe/ISA_D/docs/ULTIMATE_PLAN.md,14,,FAIL,
R-21dd01899166,/Users/frisowempe/ISA_D/docs/ULTIMATE_PLAN.md,15,,FAIL,
R-17febb105ca8,/Users/frisowempe/ISA_D/docs/ULTIMATE_PLAN.md,16,,FAIL,
R-147afed63a9a,/Users/frisowempe/ISA_D/docs/ULTIMATE_PLAN.md,18,,FAIL,
R-19ed973fb163,/Users/frisowempe/ISA_D/docs/ULTIMATE_PLAN.md,19,,FAIL,
R-074486b9b35f,/Users/frisowempe/ISA_D/docs/ULTIMATE_PLAN.md,20,,FAIL,
R-1d2aba4b2318,/Users/frisowempe/ISA_D/docs/ULTIMATE_PLAN.md,21,,FAIL,
R-205ccc4c8db7,/Users/frisowempe/ISA_D/docs/ULTIMATE_PLAN.md,22,,FAIL,
R-697c426bb4fe,/Users/frisowempe/ISA_D/docs/ULTIMATE_PLAN.md,23,,FAIL,
R-fb0a11ffc79a,/Users/frisowempe/ISA_D/docs/ULTIMATE_PLAN.md,24,/Users/frisowempe/ISA_D/.github/workflows/ci.yml,PASS,25: pip install ruff mypy pytest pytest-cov bandit pip-audit radon
R-2717efde47b8,/Users/frisowempe/ISA_D/docs/ULTIMATE_PLAN.md,27,,FAIL,
R-f52ecb3260f2,/Users/frisowempe/ISA_D/docs/ULTIMATE_PLAN.md,28,,FAIL,
R-24472509b0f6,/Users/frisowempe/ISA_D/docs/ULTIMATE_PLAN.md,29,,FAIL,
R-065a0ee055b2,/Users/frisowempe/ISA_D/docs/ULTIMATE_PLAN.md,30,,FAIL,
R-6b5739ae40c3,/Users/frisowempe/ISA_D/docs/ULTIMATE_PLAN.md,31,,FAIL,
R-4d7e22c6ca81,/Users/frisowempe/ISA_D/docs/ULTIMATE_PLAN.md,34,/Users/frisowempe/ISA_D/.github/workflows/ci.yml,PASS,25: pip install ruff mypy pytest pytest-cov bandit pip-audit radon
R-cd89ef906a1c,/Users/frisowempe/ISA_D/docs/ULTIMATE_PLAN.md,35,/Users/frisowempe/ISA_D/.github/workflows/ci.yml,PASS,25: pip install ruff mypy pytest pytest-cov bandit pip-audit radon
R-24a9d4647963,/Users/frisowempe/ISA_D/docs/ULTIMATE_PLAN.md,36,,FAIL,
R-8e744c999901,/Users/frisowempe/ISA_D/docs/ULTIMATE_PLAN.md,37,,FAIL,
R-eb4540e18068,/Users/frisowempe/ISA_D/docs/ULTIMATE_PLAN.md,38,/Users/frisowempe/ISA_D/.github/workflows/ci.yml,PASS,25: pip install ruff mypy pytest pytest-cov bandit pip-audit radon
R-0e7e5c0bf525,/Users/frisowempe/ISA_D/docs/ULTIMATE_PLAN.md,41,/Users/frisowempe/ISA_D/.github/workflows/ci.yml,PASS,25: pip install ruff mypy pytest pytest-cov bandit pip-audit radon
R-48fc676cd91b,/Users/frisowempe/ISA_D/docs/ULTIMATE_PLAN.md,42,/Users/frisowempe/ISA_D/.github/workflows/ci.yml,PASS,25: pip install ruff mypy pytest pytest-cov bandit pip-audit radon
R-fa5c89ee55e9,/Users/frisowempe/ISA_D/docs/ULTIMATE_PLAN.md,43,,FAIL,
R-0e0157e65b90,/Users/frisowempe/ISA_D/docs/ULTIMATE_PLAN.md,44,,FAIL,
R-391bf2133fad,/Users/frisowempe/ISA_D/docs/ULTIMATE_PLAN.md,45,/Users/frisowempe/ISA_D/.github/workflows/ci.yml,PASS,25: pip install ruff mypy pytest pytest-cov bandit pip-audit radon
R-c8b28521a975,/Users/frisowempe/ISA_D/docs/ULTIMATE_PLAN.md,48,/Users/frisowempe/ISA_D/.github/workflows/ci.yml,PASS,25: pip install ruff mypy pytest pytest-cov bandit pip-audit radon
R-eee9178c604a,/Users/frisowempe/ISA_D/docs/ULTIMATE_PLAN.md,49,,FAIL,
R-566198e8ea59,/Users/frisowempe/ISA_D/docs/ULTIMATE_PLAN.md,50,,FAIL,
R-f844202242ed,/Users/frisowempe/ISA_D/docs/ULTIMATE_PLAN.md,51,,FAIL,
R-78cfd549248a,/Users/frisowempe/ISA_D/docs/ULTIMATE_PLAN.md,52,/Users/frisowempe/ISA_D/.github/workflows/ci.yml,PASS,25: pip install ruff mypy pytest pytest-cov bandit pip-audit radon
R-dd0d7d0bd070,/Users/frisowempe/ISA_D/docs/ULTIMATE_PLAN.md,55,,FAIL,
R-11699e3eb2b6,/Users/frisowempe/ISA_D/docs/ULTIMATE_PLAN.md,56,,FAIL,
R-6c0c7d1058ee,/Users/frisowempe/ISA_D/docs/ULTIMATE_PLAN.md,57,,FAIL,
R-b2f81bb667c9,/Users/frisowempe/ISA_D/docs/ULTIMATE_PLAN.md,58,,WARN,
R-f2e57f3f8b20,/Users/frisowempe/ISA_D/docs/ULTIMATE_PLAN.md,61,,FAIL,
R-cfc2bcda97ee,/Users/frisowempe/ISA_D/docs/ULTIMATE_PLAN.md,62,/Users/frisowempe/ISA_D/.github/workflows/ci.yml,PASS,25: pip install ruff mypy pytest pytest-cov bandit pip-audit radon
R-431e70f51e83,/Users/frisowempe/ISA_D/docs/ULTIMATE_PLAN.md,63,,FAIL,
R-fc727cc329ec,/Users/frisowempe/ISA_D/docs/ULTIMATE_PLAN.md,64,,FAIL,
R-7ba948bb63f9,/Users/frisowempe/ISA_D/docs/ULTIMATE_PLAN.md,67,,FAIL,
R-a2bb09216e7c,/Users/frisowempe/ISA_D/docs/ULTIMATE_PLAN.md,68,,FAIL,
R-8b7983a8dfa4,/Users/frisowempe/ISA_D/docs/ULTIMATE_PLAN.md,69,,FAIL,
R-207c00f78c44,/Users/frisowempe/ISA_D/docs/ULTIMATE_PLAN.md,70,,FAIL,
R-b4b1de032ae7,/Users/frisowempe/ISA_D/docs/ULTIMATE_PLAN.md,71,,FAIL,
R-7bb1fd0e5525,/Users/frisowempe/ISA_D/docs/ULTIMATE_PLAN.md,74,,FAIL,
R-796b4247b0b2,/Users/frisowempe/ISA_D/docs/ULTIMATE_PLAN.md,75,,FAIL,
R-b2a8e4571998,/Users/frisowempe/ISA_D/docs/ULTIMATE_PLAN.md,76,,FAIL,
R-0e28c3779d56,/Users/frisowempe/ISA_D/docs/ULTIMATE_PLAN.md,77,,FAIL,
R-936b7231ca65,/Users/frisowempe/ISA_D/docs/ULTIMATE_PLAN.md,80,/Users/frisowempe/ISA_D/.github/workflows/ci.yml,PASS,25: pip install ruff mypy pytest pytest-cov bandit pip-audit radon
R-a458e94c53da,/Users/frisowempe/ISA_D/docs/ULTIMATE_PLAN.md,81,/Users/frisowempe/ISA_D/.github/workflows/ci.yml,PASS,25: pip install ruff mypy pytest pytest-cov bandit pip-audit radon
R-47af9f3b7cad,/Users/frisowempe/ISA_D/docs/ULTIMATE_PLAN.md,82,,FAIL,
R-f66b0068e900,/Users/frisowempe/ISA_D/docs/ULTIMATE_PLAN.md,83,,FAIL,
R-54dd7ab45a4d,/Users/frisowempe/ISA_D/docs/ULTIMATE_PLAN.md,84,/Users/frisowempe/ISA_D/.github/workflows/ci.yml,PASS,25: pip install ruff mypy pytest pytest-cov bandit pip-audit radon
R-1ac9635a50d8,/Users/frisowempe/ISA_D/docs/ULTIMATE_PLAN.md,87,,FAIL,
R-094684df4bc3,/Users/frisowempe/ISA_D/docs/ULTIMATE_PLAN.md,88,,FAIL,
R-0a718b48cd56,/Users/frisowempe/ISA_D/docs/ULTIMATE_PLAN.md,89,,FAIL,
R-4c21853960c0,/Users/frisowempe/ISA_D/docs/ULTIMATE_PLAN.md,90,,FAIL,
R-dfb8c8b17a39,/Users/frisowempe/ISA_D/docs/ULTIMATE_PLAN.md,91,,FAIL,
R-cf597c7099ae,/Users/frisowempe/ISA_D/docs/ULTIMATE_PLAN.md,94,,FAIL,
R-f61b5d29a33a,/Users/frisowempe/ISA_D/docs/ULTIMATE_PLAN.md,95,,FAIL,
R-eea740e841d1,/Users/frisowempe/ISA_D/docs/ULTIMATE_PLAN.md,96,,FAIL,
R-ae0b9deaf02b,/Users/frisowempe/ISA_D/docs/ULTIMATE_PLAN.md,97,,FAIL,
R-9a7af11435fc,/Users/frisowempe/ISA_D/docs/ULTIMATE_PLAN.md,100,,FAIL,
R-cb69f4b584e2,/Users/frisowempe/ISA_D/docs/ULTIMATE_PLAN.md,101,,FAIL,
R-507c12f98169,/Users/frisowempe/ISA_D/docs/ULTIMATE_PLAN.md,102,,FAIL,
R-25e502000d3d,/Users/frisowempe/ISA_D/docs/ULTIMATE_PLAN.md,103,,FAIL,
R-68350484d1c9,/Users/frisowempe/ISA_D/docs/ULTIMATE_PLAN.md,106,,FAIL,
R-b8081b7b9251,/Users/frisowempe/ISA_D/docs/ULTIMATE_PLAN.md,107,ISA_SuperApp/Dockerfile,PASS,19: EXPOSE 8787
R-8f4f897fb7ac,/Users/frisowempe/ISA_D/docs/ULTIMATE_PLAN.md,108,,FAIL,
R-da947b00ebfb,/Users/frisowempe/ISA_D/docs/ULTIMATE_PLAN.md,109,ISA_SuperApp/Dockerfile,PASS,19: EXPOSE 8787
R-e3ede8692d1d,/Users/frisowempe/ISA_D/docs/ULTIMATE_PLAN.md,112,,FAIL,
R-fa3db2fb7900,/Users/frisowempe/ISA_D/docs/ULTIMATE_PLAN.md,113,,FAIL,
R-7b58b6211323,/Users/frisowempe/ISA_D/docs/ULTIMATE_PLAN.md,114,,FAIL,
R-81812b940a0a,/Users/frisowempe/ISA_D/docs/ULTIMATE_PLAN.md,115,,FAIL,
R-a271d67447f1,/Users/frisowempe/ISA_D/docs/ULTIMATE_PLAN.md,116,,WARN,
R-4d015d3a3db8,/Users/frisowempe/ISA_D/docs/ULTIMATE_PLAN.md,119,,FAIL,
R-6cfc97854fff,/Users/frisowempe/ISA_D/docs/ULTIMATE_PLAN.md,120,/Users/frisowempe/ISA_D/.github/workflows/ci.yml,PASS,25: pip install ruff mypy pytest pytest-cov bandit pip-audit radon
R-882c19567fa4,/Users/frisowempe/ISA_D/docs/ULTIMATE_PLAN.md,121,,FAIL,
R-e5255dd961e2,/Users/frisowempe/ISA_D/docs/ULTIMATE_PLAN.md,122,,FAIL,
R-8c7733824a39,/Users/frisowempe/ISA_D/docs/ULTIMATE_PLAN.md,123,,FAIL,
R-0ba8c0d22e22,/Users/frisowempe/ISA_D/docs/ULTIMATE_PLAN.md,126,,FAIL,
R-0ddff5604cb4,/Users/frisowempe/ISA_D/docs/ULTIMATE_PLAN.md,127,,FAIL,
R-e0006f76c181,/Users/frisowempe/ISA_D/docs/ULTIMATE_PLAN.md,128,,FAIL,
R-97e7066ed20a,/Users/frisowempe/ISA_D/docs/ULTIMATE_PLAN.md,129,/Users/frisowempe/ISA_D/.github/workflows/ci.yml,PASS,25: pip install ruff mypy pytest pytest-cov bandit pip-audit radon
R-07ecc2fc6e95,/Users/frisowempe/ISA_D/docs/ULTIMATE_PLAN.md,132,,FAIL,
R-0a77f0c14782,/Users/frisowempe/ISA_D/docs/ULTIMATE_PLAN.md,133,,FAIL,
R-7ff7b35c5a9b,/Users/frisowempe/ISA_D/docs/ULTIMATE_PLAN.md,134,,FAIL,
R-042e5b660177,/Users/frisowempe/ISA_D/docs/ULTIMATE_PLAN.md,135,,FAIL,
R-449a6e178ee0,/Users/frisowempe/ISA_D/docs/ULTIMATE_PLAN.md,138,,FAIL,
R-d969835f1b42,/Users/frisowempe/ISA_D/docs/ULTIMATE_PLAN.md,139,/Users/frisowempe/ISA_D/.github/workflows/ci.yml,PASS,25: pip install ruff mypy pytest pytest-cov bandit pip-audit radon
R-1689c28c2efd,/Users/frisowempe/ISA_D/docs/ULTIMATE_PLAN.md,140,,FAIL,
R-889e58effadf,/Users/frisowempe/ISA_D/docs/ULTIMATE_PLAN.md,141,,FAIL,
R-38c0ca7947a2,/Users/frisowempe/ISA_D/docs/ULTIMATE_PLAN.md,148,,FAIL,
R-ec580113a642,/Users/frisowempe/ISA_D/docs/AI_PROJECT_CHARTER.md,51,,FAIL,
R-ed1efc59ee3e,/Users/frisowempe/ISA_D/docs/AI_PROJECT_CHARTER.md,53,,FAIL,
R-0734420c05df,/Users/frisowempe/ISA_D/docs/AI_PROJECT_CHARTER.md,88,,FAIL,
R-4d8ddc9e9eb7,/Users/frisowempe/ISA_D/docs/AI_PROJECT_CHARTER.md,90,,FAIL,
R-acff93a95324,/Users/frisowempe/ISA_D/docs/AI_PROJECT_CHARTER.md,91,,FAIL,
R-a44815a199d9,/Users/frisowempe/ISA_D/docs/RESEARCH_CAPABILITIES.md,51,/Users/frisowempe/ISA_D/.github/workflows/ci.yml,PASS,25: pip install ruff mypy pytest pytest-cov bandit pip-audit radon
R-9f7112a77112,/Users/frisowempe/ISA_D/docs/TODO_NeSy.md,11,,FAIL,
R-5a295225a826,/Users/frisowempe/ISA_D/docs/TODO_NeSy.md,12,,FAIL,
R-ff69ad5d6da4,/Users/frisowempe/ISA_D/docs/TODO_NeSy.md,13,,FAIL,
R-9a07fa871688,/Users/frisowempe/ISA_D/docs/TODO_NeSy.md,14,,FAIL,
R-a39ba984ab1a,/Users/frisowempe/ISA_D/docs/TODO_NeSy.md,15,,FAIL,
R-4539f8d65593,/Users/frisowempe/ISA_D/docs/TODO_NeSy.md,16,,FAIL,
R-a0911c08e5cf,/Users/frisowempe/ISA_D/docs/TODO_NeSy.md,17,,FAIL,
R-7a232910782a,/Users/frisowempe/ISA_D/docs/TODO_NeSy.md,20,,FAIL,
R-07d5eae40ce2,/Users/frisowempe/ISA_D/docs/TODO_NeSy.md,21,,FAIL,
R-f2e2c0079065,/Users/frisowempe/ISA_D/docs/TODO_NeSy.md,22,/Users/frisowempe/ISA_D/.github/workflows/ci.yml,PASS,25: pip install ruff mypy pytest pytest-cov bandit pip-audit radon
R-5a0b75566091,/Users/frisowempe/ISA_D/docs/TODO_NeSy.md,23,,FAIL,
R-c9e905d66f60,/Users/frisowempe/ISA_D/docs/TODO_NeSy.md,24,,FAIL,
R-7c0fad731899,/Users/frisowempe/ISA_D/docs/TODO_NeSy.md,25,,FAIL,
R-d937c5e3d82b,/Users/frisowempe/ISA_D/docs/TODO_NeSy.md,29,,FAIL,
R-294241829316,/Users/frisowempe/ISA_D/docs/TODO_NeSy.md,30,/Users/frisowempe/ISA_D/.github/workflows/ci.yml,PASS,25: pip install ruff mypy pytest pytest-cov bandit pip-audit radon
R-64679af8893c,/Users/frisowempe/ISA_D/docs/TODO_NeSy.md,31,,FAIL,
R-323a8d98b381,/Users/frisowempe/ISA_D/docs/TODO_NeSy.md,32,,FAIL,
R-c347fd62802b,/Users/frisowempe/ISA_D/docs/TODO_NeSy.md,33,,FAIL,
R-8defd9823fef,/Users/frisowempe/ISA_D/docs/TODO_NeSy.md,36,,FAIL,
R-b8a5d579ce36,/Users/frisowempe/ISA_D/docs/TODO_NeSy.md,37,,FAIL,
R-8720261b0722,/Users/frisowempe/ISA_D/docs/TODO_NeSy.md,38,,FAIL,
R-365b1cd51757,/Users/frisowempe/ISA_D/docs/TODO_NeSy.md,39,,FAIL,
R-604bb35c5eea,/Users/frisowempe/ISA_D/docs/TODO_NeSy.md,40,,FAIL,
R-d36f53846682,/Users/frisowempe/ISA_D/docs/TODO_NeSy.md,43,,FAIL,
R-46dcd85be73d,/Users/frisowempe/ISA_D/docs/TODO_NeSy.md,44,,FAIL,
R-0cb2d4099ee0,/Users/frisowempe/ISA_D/docs/TODO_NeSy.md,45,,FAIL,
R-3a036fdeed8b,/Users/frisowempe/ISA_D/docs/TODO_NeSy.md,46,,FAIL,
R-b4a435a552e2,/Users/frisowempe/ISA_D/docs/TODO_NeSy.md,47,,FAIL,
R-7753208a21aa,/Users/frisowempe/ISA_D/docs/TODO_NeSy.md,50,,FAIL,
R-d4035e9c94db,/Users/frisowempe/ISA_D/docs/TODO_NeSy.md,51,,FAIL,
R-89aa69487582,/Users/frisowempe/ISA_D/docs/TODO_NeSy.md,52,,FAIL,
R-9283b0cbadd6,/Users/frisowempe/ISA_D/docs/TODO_NeSy.md,53,,FAIL,
R-e51ecaecc6cc,/Users/frisowempe/ISA_D/docs/TODO_NeSy.md,54,,FAIL,
R-60f7c2496425,/Users/frisowempe/ISA_D/docs/TODO_NeSy.md,57,,FAIL,
R-583b720368b3,/Users/frisowempe/ISA_D/docs/TODO_NeSy.md,58,,FAIL,
R-10ddd0671afc,/Users/frisowempe/ISA_D/docs/TODO_NeSy.md,59,,FAIL,
R-0fb0117d253f,/Users/frisowempe/ISA_D/docs/TODO_NeSy.md,60,,FAIL,
R-f482dfe5698f,/Users/frisowempe/ISA_D/docs/TODO_NeSy.md,63,,FAIL,
R-77b84d40b742,/Users/frisowempe/ISA_D/docs/TODO_NeSy.md,64,,FAIL,
R-25532b25ad7e,/Users/frisowempe/ISA_D/docs/TODO_NeSy.md,65,,FAIL,
R-38bd8c41632e,/Users/frisowempe/ISA_D/docs/TODO_NeSy.md,66,,FAIL,
R-1f8cc525c05e,/Users/frisowempe/ISA_D/docs/TODO_NeSy.md,69,,FAIL,
R-8b3711189901,/Users/frisowempe/ISA_D/docs/TODO_NeSy.md,70,,FAIL,
R-b1440a7e09e8,/Users/frisowempe/ISA_D/docs/TODO_NeSy.md,71,,FAIL,
R-71cc2fe3c735,/Users/frisowempe/ISA_D/docs/TODO_NeSy.md,72,,FAIL,
R-d87e732f13c9,/Users/frisowempe/ISA_D/docs/TODO_NeSy.md,75,,FAIL,
R-016692a982db,/Users/frisowempe/ISA_D/docs/TODO_NeSy.md,76,,FAIL,
R-e2ffd9c0f28d,/Users/frisowempe/ISA_D/docs/TODO_NeSy.md,77,,FAIL,
R-ac303e1a2b46,/Users/frisowempe/ISA_D/docs/TODO_NeSy.md,78,,FAIL,
R-ed896ea30e01,/Users/frisowempe/ISA_D/docs/TODO_NeSy.md,79,,FAIL,
R-d2873151c719,/Users/frisowempe/ISA_D/docs/TODO_NeSy.md,82,,FAIL,
R-371bd7c55f82,/Users/frisowempe/ISA_D/docs/TODO_NeSy.md,83,,FAIL,
R-d9af3a36f490,/Users/frisowempe/ISA_D/docs/TODO_NeSy.md,84,,FAIL,
R-bc9aa4ba6999,/Users/frisowempe/ISA_D/docs/TODO_NeSy.md,85,,FAIL,
R-c1d4e7de518b,/Users/frisowempe/ISA_D/docs/TODO_NeSy.md,86,,FAIL,
R-6604ab246689,/Users/frisowempe/ISA_D/docs/TODO_NeSy.md,89,,FAIL,
R-206de179e3ef,/Users/frisowempe/ISA_D/docs/TODO_NeSy.md,90,,FAIL,
R-2343eba32c3a,/Users/frisowempe/ISA_D/docs/TODO_NeSy.md,91,,FAIL,
R-767b47570124,/Users/frisowempe/ISA_D/docs/TODO_NeSy.md,92,,FAIL,
R-e8842747d386,/Users/frisowempe/ISA_D/docs/TODO_NeSy.md,93,,FAIL,
R-ef840d069c43,/Users/frisowempe/ISA_D/docs/TODO_NeSy.md,96,,FAIL,
R-51d615d929d3,/Users/frisowempe/ISA_D/docs/TODO_NeSy.md,97,,FAIL,
R-a061bb0d7b51,/Users/frisowempe/ISA_D/docs/TODO_NeSy.md,98,,FAIL,
R-cec960d6868f,/Users/frisowempe/ISA_D/docs/TODO.md,11,,FAIL,
R-8e672a18ae56,/Users/frisowempe/ISA_D/docs/TODO.md,12,,FAIL,
R-511204f5c3d1,/Users/frisowempe/ISA_D/docs/TODO.md,13,,FAIL,
R-9f32490f9a05,/Users/frisowempe/ISA_D/docs/TODO.md,14,,FAIL,
R-76963eb6ef96,/Users/frisowempe/ISA_D/docs/TODO.md,15,,FAIL,
R-97cebf84b505,/Users/frisowempe/ISA_D/docs/TODO.md,16,,FAIL,
R-21f6ee889f39,/Users/frisowempe/ISA_D/docs/TODO.md,17,,FAIL,
R-11801548ecb1,/Users/frisowempe/ISA_D/docs/TODO.md,18,,FAIL,
R-f2d91bf9c48b,/Users/frisowempe/ISA_D/docs/TODO.md,19,,FAIL,
R-4818f68420de,/Users/frisowempe/ISA_D/docs/TODO.md,22,,FAIL,
R-3c026819a02e,/Users/frisowempe/ISA_D/docs/TODO.md,23,,FAIL,
R-2c35b570c71e,/Users/frisowempe/ISA_D/docs/TODO.md,27,,FAIL,
R-b4e51a859e58,/Users/frisowempe/ISA_D/docs/TODO.md,29,,FAIL,
R-2759a71f9e58,/Users/frisowempe/ISA_D/docs/TODO.md,31,,FAIL,
R-b42eb72f3a17,/Users/frisowempe/ISA_D/docs/TODO.md,33,,FAIL,
R-9165f8861272,/Users/frisowempe/ISA_D/docs/TODO.md,89,,FAIL,
R-99cf40ac687c,/Users/frisowempe/ISA_D/docs/TODO.md,90,,FAIL,
R-159fffb1ebd0,/Users/frisowempe/ISA_D/docs/TODO.md,91,,FAIL,
R-ac3d3e118240,/Users/frisowempe/ISA_D/docs/TODO.md,92,,FAIL,
R-5e76dfeea28d,/Users/frisowempe/ISA_D/docs/TODO.md,93,,FAIL,
R-588919501725,/Users/frisowempe/ISA_D/docs/TODO.md,94,,FAIL,
R-7452ba0a3796,/Users/frisowempe/ISA_D/docs/TODO.md,95,,FAIL,
R-fb00722e6f78,/Users/frisowempe/ISA_D/docs/TODO.md,96,,FAIL,
R-06fe2fc46034,/Users/frisowempe/ISA_D/docs/TODO.md,97,,FAIL,
R-20138a6c1267,/Users/frisowempe/ISA_D/docs/TODO.md,98,,FAIL,
R-c1e780f2ae80,/Users/frisowempe/ISA_D/docs/TODO.md,99,,FAIL,
R-01ef342bc700,/Users/frisowempe/ISA_D/docs/TODO.md,100,,FAIL,
R-be0cdcfde918,/Users/frisowempe/ISA_D/docs/TODO.md,101,,FAIL,
R-ad4ce0ab19e9,/Users/frisowempe/ISA_D/docs/TODO.md,102,,FAIL,
R-801a4c345c8c,/Users/frisowempe/ISA_D/docs/TODO.md,103,,FAIL,
R-98ba041836a9,/Users/frisowempe/ISA_D/docs/TODO.md,104,,FAIL,
R-05e3e6391f5c,/Users/frisowempe/ISA_D/docs/TODO.md,107,,FAIL,
R-a9f58e39d22f,/Users/frisowempe/ISA_D/docs/TODO.md,108,,FAIL,
R-175071e9dc24,/Users/frisowempe/ISA_D/docs/TODO.md,109,,FAIL,
R-99bbb1042fef,/Users/frisowempe/ISA_D/docs/TODO.md,110,,FAIL,
R-d8f2f88387c6,/Users/frisowempe/ISA_D/docs/TODO.md,111,,FAIL,
R-5750253be237,/Users/frisowempe/ISA_D/docs/TODO.md,112,,FAIL,
R-b44e86936e7c,/Users/frisowempe/ISA_D/docs/TODO.md,113,,FAIL,
R-1a3e073f4288,/Users/frisowempe/ISA_D/docs/TODO.md,116,,FAIL,
R-1091a8f8caf0,/Users/frisowempe/ISA_D/docs/TODO.md,117,,FAIL,
R-eeac162c9155,/Users/frisowempe/ISA_D/docs/TODO.md,118,,FAIL,
R-17a6347fa00a,/Users/frisowempe/ISA_D/docs/TODO.md,119,,FAIL,
R-c57e820b1d56,/Users/frisowempe/ISA_D/docs/TODO.md,120,,FAIL,
R-dbee08e327a2,/Users/frisowempe/ISA_D/docs/TODO.md,121,,FAIL,
R-c497653792ed,/Users/frisowempe/ISA_D/docs/TODO.md,122,,FAIL,
R-02ef13fa9037,/Users/frisowempe/ISA_D/docs/TODO.md,126,,FAIL,
R-2f7bab38c1bb,/Users/frisowempe/ISA_D/docs/TODO.md,127,/Users/frisowempe/ISA_D/.github/workflows/ci.yml,PASS,25: pip install ruff mypy pytest pytest-cov bandit pip-audit radon
R-8af2ed302311,/Users/frisowempe/ISA_D/docs/TODO.md,128,/Users/frisowempe/ISA_D/.github/workflows/ci.yml,PASS,25: pip install ruff mypy pytest pytest-cov bandit pip-audit radon
R-c6935207ba48,/Users/frisowempe/ISA_D/docs/TODO.md,129,,FAIL,
R-b161658feee6,/Users/frisowempe/ISA_D/docs/TODO.md,134,,FAIL,
R-4efc9e2444cc,/Users/frisowempe/ISA_D/docs/TODO.md,135,,FAIL,
R-f63b96b6869e,/Users/frisowempe/ISA_D/docs/TODO.md,136,,FAIL,
R-e1d71df1f49b,/Users/frisowempe/ISA_D/docs/TODO.md,145,,FAIL,
R-54a84ca38b65,/Users/frisowempe/ISA_D/docs/TODO.md,146,/Users/frisowempe/ISA_D/.github/workflows/ci.yml,PASS,25: pip install ruff mypy pytest pytest-cov bandit pip-audit radon
R-22f69f920a70,/Users/frisowempe/ISA_D/docs/TODO.md,147,,FAIL,
R-9dbf04468fb7,/Users/frisowempe/ISA_D/docs/TODO.md,151,,FAIL,
R-e8818167f545,/Users/frisowempe/ISA_D/docs/TODO.md,152,,FAIL,
R-afa1a1c02aae,/Users/frisowempe/ISA_D/docs/TODO.md,156,,FAIL,
R-957cd9d62ff3,/Users/frisowempe/ISA_D/docs/TODO.md,157,,FAIL,
R-fed1d2e97f31,/Users/frisowempe/ISA_D/docs/TODO.md,163,/Users/frisowempe/ISA_D/.github/workflows/ci.yml,PASS,25: pip install ruff mypy pytest pytest-cov bandit pip-audit radon
R-25c53dec5c45,/Users/frisowempe/ISA_D/docs/TODO.md,167,,FAIL,
R-f927055b7793,/Users/frisowempe/ISA_D/docs/TODO.md,169,,FAIL,
R-0a552f067211,/Users/frisowempe/ISA_D/docs/TODO.md,171,,FAIL,
R-7341f1910f14,/Users/frisowempe/ISA_D/docs/TODO.md,175,,FAIL,
R-498570e79028,/Users/frisowempe/ISA_D/docs/TODO.md,177,,FAIL,
R-d12544235b05,/Users/frisowempe/ISA_D/docs/TODO.md,181,,FAIL,
R-62ec542ca807,/Users/frisowempe/ISA_D/docs/TODO.md,191,,FAIL,
R-bbdc56b3e588,/Users/frisowempe/ISA_D/docs/TODO.md,193,,FAIL,
R-e07ac08762d3,/Users/frisowempe/ISA_D/docs/TODO.md,195,,FAIL,
R-1d46a4d6fa09,/Users/frisowempe/ISA_D/docs/TODO.md,201,/Users/frisowempe/ISA_D/.github/workflows/ci.yml,PASS,25: pip install ruff mypy pytest pytest-cov bandit pip-audit radon
R-dc5796da3979,/Users/frisowempe/ISA_D/docs/TODO.md,205,,FAIL,
R-51378f500601,/Users/frisowempe/ISA_D/docs/TODO.md,207,,FAIL,
R-271c5dce891a,/Users/frisowempe/ISA_D/docs/TODO.md,209,,FAIL,
R-c2260861df6a,/Users/frisowempe/ISA_D/docs/TODO.md,211,,FAIL,
R-f2ceda79a5b5,/Users/frisowempe/ISA_D/docs/TODO.md,215,/Users/frisowempe/ISA_D/.github/workflows/ci.yml,PASS,25: pip install ruff mypy pytest pytest-cov bandit pip-audit radon
R-248498e29318,/Users/frisowempe/ISA_D/docs/TODO.md,217,,FAIL,
R-5125d7cca29a,/Users/frisowempe/ISA_D/docs/TODO.md,221,/Users/frisowempe/ISA_D/.github/workflows/ci.yml,PASS,25: pip install ruff mypy pytest pytest-cov bandit pip-audit radon
R-4f38bb3fcfbb,/Users/frisowempe/ISA_D/docs/TODO.md,222,/Users/frisowempe/ISA_D/.github/workflows/ci.yml,PASS,25: pip install ruff mypy pytest pytest-cov bandit pip-audit radon
R-409d9199dec7,/Users/frisowempe/ISA_D/docs/TODO.md,223,/Users/frisowempe/ISA_D/.github/workflows/ci.yml,PASS,25: pip install ruff mypy pytest pytest-cov bandit pip-audit radon
R-9bee9ac9e31b,/Users/frisowempe/ISA_D/docs/TODO.md,225,/Users/frisowempe/ISA_D/.github/workflows/ci.yml,PASS,25: pip install ruff mypy pytest pytest-cov bandit pip-audit radon
R-b59288a10d19,/Users/frisowempe/ISA_D/docs/TODO.md,233,,FAIL,
R-9268bab708e3,/Users/frisowempe/ISA_D/docs/TODO.md,234,,FAIL,
R-159c3a350e1b,/Users/frisowempe/ISA_D/docs/TODO.md,235,,FAIL,
R-db3dd8a664b0,/Users/frisowempe/ISA_D/docs/TODO.md,236,,FAIL,
R-e3b2ebc64bee,/Users/frisowempe/ISA_D/docs/TODO.md,237,,FAIL,
R-8e531613c701,/Users/frisowempe/ISA_D/docs/TODO.md,238,,FAIL,
R-6b5a6dcf87e5,/Users/frisowempe/ISA_D/docs/TODO.md,239,,FAIL,
R-96f22ef7f52d,/Users/frisowempe/ISA_D/docs/TODO.md,240,,FAIL,
R-bc8339b37a1f,/Users/frisowempe/ISA_D/docs/TODO.md,241,,FAIL,
R-618983bfa2fa,/Users/frisowempe/ISA_D/docs/TODO.md,242,/Users/frisowempe/ISA_D/.github/workflows/ci.yml,PASS,25: pip install ruff mypy pytest pytest-cov bandit pip-audit radon
R-6798ad2929ce,/Users/frisowempe/ISA_D/docs/TODO.md,246,/Users/frisowempe/ISA_D/.github/workflows/ci.yml,PASS,25: pip install ruff mypy pytest pytest-cov bandit pip-audit radon
R-9e7dbf6f4dc4,/Users/frisowempe/ISA_D/docs/TODO.md,247,/Users/frisowempe/ISA_D/.github/workflows/ci.yml,PASS,25: pip install ruff mypy pytest pytest-cov bandit pip-audit radon
R-a7dbc6e6228b,/Users/frisowempe/ISA_D/docs/TODO.md,248,,FAIL,
R-d6bc4e45b84d,/Users/frisowempe/ISA_D/docs/TODO.md,252,,FAIL,
R-a224f850b0e6,/Users/frisowempe/ISA_D/docs/TODO.md,253,,FAIL,
R-76135a52bb4a,/Users/frisowempe/ISA_D/docs/TODO.md,254,,FAIL,
R-17ef29a93d9c,/Users/frisowempe/ISA_D/docs/TODO.md,255,,FAIL,
R-4a05c8cd9200,/Users/frisowempe/ISA_D/docs/TODO.md,256,.github/workflows/ci.yml,PASS,241: pip install semgrep
R-956e4c89cdc2,/Users/frisowempe/ISA_D/docs/TODO.md,257,,FAIL,
R-ed8b04bd4c2f,/Users/frisowempe/ISA_D/docs/TODO.md,261,/Users/frisowempe/ISA_D/.github/workflows/ci.yml,PASS,25: pip install ruff mypy pytest pytest-cov bandit pip-audit radon
R-00c4b28c557e,/Users/frisowempe/ISA_D/docs/TODO.md,262,,FAIL,
R-f6a602b4fd67,/Users/frisowempe/ISA_D/docs/TODO.md,270,,FAIL,
R-3beaedf4ef70,/Users/frisowempe/ISA_D/docs/TODO.md,271,,WARN,
R-9f56404cb7ab,/Users/frisowempe/ISA_D/docs/TODO.md,279,,FAIL,
R-b5ece1a9655b,/Users/frisowempe/ISA_D/docs/TODO.md,289,,FAIL,
R-37748cf26847,/Users/frisowempe/ISA_D/docs/TODO.md,290,,FAIL,
R-1c9d314e6fd1,/Users/frisowempe/ISA_D/docs/TODO.md,291,,FAIL,
R-e07d63cd18b6,/Users/frisowempe/ISA_D/docs/TODO.md,296,,FAIL,
R-2dec9f2a076d,/Users/frisowempe/ISA_D/docs/TODO.md,297,,FAIL,
R-cbb94c7bc737,/Users/frisowempe/ISA_D/docs/TODO.md,298,,FAIL,
R-3f537fcb5512,/Users/frisowempe/ISA_D/docs/TODO.md,299,,FAIL,
R-c22dd89a92da,/Users/frisowempe/ISA_D/docs/TODO.md,300,,FAIL,
R-6739cdca7460,/Users/frisowempe/ISA_D/docs/TODO.md,301,,FAIL,
R-ed0119b5e6fe,/Users/frisowempe/ISA_D/docs/TODO.md,302,,FAIL,
R-9d01995467e6,/Users/frisowempe/ISA_D/docs/TODO.md,303,,FAIL,
R-27bd28405806,/Users/frisowempe/ISA_D/docs/TODO.md,304,/Users/frisowempe/ISA_D/.github/workflows/ci.yml,PASS,25: pip install ruff mypy pytest pytest-cov bandit pip-audit radon
R-83f358e67993,/Users/frisowempe/ISA_D/docs/TODO.md,305,,FAIL,
R-8362e569ec08,/Users/frisowempe/ISA_D/docs/TODO.md,310,,FAIL,
R-d96e986d6ffa,/Users/frisowempe/ISA_D/docs/TODO.md,311,,FAIL,
R-47e7a022db6c,/Users/frisowempe/ISA_D/docs/TODO.md,321,,FAIL,
R-c08555e64244,/Users/frisowempe/ISA_D/docs/TODO.md,322,,FAIL,
R-a0543766f38e,/Users/frisowempe/ISA_D/docs/TODO.md,328,,FAIL,
R-9191209493c7,/Users/frisowempe/ISA_D/docs/TODO.md,329,,FAIL,
R-7c892f329315,/Users/frisowempe/ISA_D/docs/TODO.md,334,,FAIL,
R-5e7fce1a53e3,/Users/frisowempe/ISA_D/docs/TODO.md,335,,FAIL,
R-03a94fcbfcdd,/Users/frisowempe/ISA_D/docs/TODO.md,336,,FAIL,
R-3dc0a254a63a,/Users/frisowempe/ISA_D/docs/TODO.md,344,/Users/frisowempe/ISA_D/.github/workflows/ci.yml,PASS,25: pip install ruff mypy pytest pytest-cov bandit pip-audit radon
R-aa6807bafae2,/Users/frisowempe/ISA_D/docs/TODO.md,345,/Users/frisowempe/ISA_D/.github/workflows/ci.yml,PASS,25: pip install ruff mypy pytest pytest-cov bandit pip-audit radon
R-0870c70151e6,/Users/frisowempe/ISA_D/docs/TODO.md,346,,FAIL,
R-20841b73bfa1,/Users/frisowempe/ISA_D/docs/TODO.md,355,/Users/frisowempe/ISA_D/.github/workflows/ci.yml,PASS,25: pip install ruff mypy pytest pytest-cov bandit pip-audit radon
R-a76d7bd9d351,/Users/frisowempe/ISA_D/docs/TODO.md,356,,FAIL,
R-b0022698b24e,/Users/frisowempe/ISA_D/docs/TODO.md,357,,FAIL,
R-31199a05118d,/Users/frisowempe/ISA_D/docs/TODO.md,359,/Users/frisowempe/ISA_D/.github/workflows/ci.yml,PASS,25: pip install ruff mypy pytest pytest-cov bandit pip-audit radon
R-f9f72e981f58,/Users/frisowempe/ISA_D/docs/TODO.md,360,,FAIL,
R-c1ccf5a858ee,/Users/frisowempe/ISA_D/docs/TODO.md,361,/Users/frisowempe/ISA_D/.github/workflows/ci.yml,PASS,25: pip install ruff mypy pytest pytest-cov bandit pip-audit radon
R-d3e54566649b,/Users/frisowempe/ISA_D/docs/TODO.md,362,.github/workflows/ci.yml,PASS,"42: python scripts/significance_trigger.py --base ""${{ steps.base.outputs.sha }}"" \"
R-4a48aca48656,/Users/frisowempe/ISA_D/docs/TODO.md,370,,FAIL,
R-8235367ccdab,/Users/frisowempe/ISA_D/docs/TODO.md,371,,FAIL,
R-842a839ed220,/Users/frisowempe/ISA_D/docs/TODO.md,372,,FAIL,
R-9e5140e68291,/Users/frisowempe/ISA_D/docs/TODO.md,373,,FAIL,
R-60d5d6854a69,/Users/frisowempe/ISA_D/docs/TODO.md,374,,FAIL,
R-d1aa74ff07d3,/Users/frisowempe/ISA_D/docs/TODO.md,375,,FAIL,
R-0a5a2e74fe2e,/Users/frisowempe/ISA_D/docs/TODO.md,376,,FAIL,
R-434028a65f49,/Users/frisowempe/ISA_D/docs/TODO.md,377,,FAIL,
R-129a64c4e8d4,/Users/frisowempe/ISA_D/docs/TODO.md,378,,FAIL,
R-322e1de0b0a5,/Users/frisowempe/ISA_D/docs/TODO.md,382,/Users/frisowempe/ISA_D/.github/workflows/ci.yml,PASS,25: pip install ruff mypy pytest pytest-cov bandit pip-audit radon
R-b4be90d4fd8c,/Users/frisowempe/ISA_D/docs/TODO.md,384,,FAIL,
R-cd6de0ca10e9,/Users/frisowempe/ISA_D/docs/TODO.md,386,,FAIL,
R-414cbd4a096a,/Users/frisowempe/ISA_D/docs/TODO.md,392,,FAIL,
R-b0064a21237b,/Users/frisowempe/ISA_D/docs/TODO.md,394,,FAIL,
R-b30f654bf027,/Users/frisowempe/ISA_D/docs/TODO.md,404,,FAIL,
R-bd0cfc46168c,/Users/frisowempe/ISA_D/docs/TODO.md,406,ISA_SuperApp/Dockerfile,PASS,19: EXPOSE 8787
R-e35d8a093a21,/Users/frisowempe/ISA_D/docs/TODO.md,408,ISA_SuperApp/Dockerfile,PASS,19: EXPOSE 8787
R-5e63dc08c715,/Users/frisowempe/ISA_D/docs/TODO.md,416,,FAIL,
R-3994c4edceba,/Users/frisowempe/ISA_D/docs/TODO.md,417,,FAIL,
R-e6d728225522,/Users/frisowempe/ISA_D/docs/TODO.md,418,.github/workflows/ci.yml,PASS,241: pip install semgrep
R-fa8d746ba27c,/Users/frisowempe/ISA_D/docs/TODO.md,423,,FAIL,
R-370588a3afdc,/Users/frisowempe/ISA_D/docs/TODO.md,424,,FAIL,
R-b44968557e35,/Users/frisowempe/ISA_D/docs/TODO.md,425,,FAIL,
R-52fa83cc95c9,/Users/frisowempe/ISA_D/docs/TODO.md,426,,FAIL,
R-7783d2fc0a58,/Users/frisowempe/ISA_D/docs/TODO.md,428,,FAIL,
R-cc27300cb5e8,/Users/frisowempe/ISA_D/docs/TODO.md,429,/Users/frisowempe/ISA_D/.github/workflows/ci.yml,PASS,25: pip install ruff mypy pytest pytest-cov bandit pip-audit radon
R-072fee4cf954,/Users/frisowempe/ISA_D/docs/TODO.md,430,,FAIL,
R-318abf00b67e,/Users/frisowempe/ISA_D/docs/TODO.md,431,,FAIL,
R-1d48861d48da,/Users/frisowempe/ISA_D/docs/TODO.md,439,,FAIL,
R-1d124a54a08d,/Users/frisowempe/ISA_D/docs/TODO.md,440,,WARN,
R-5be90412b2f2,/Users/frisowempe/ISA_D/docs/TODO.md,441,,FAIL,
R-2b22c26bf902,/Users/frisowempe/ISA_D/docs/TODO.md,443,,FAIL,
R-c8b82d69ed54,/Users/frisowempe/ISA_D/docs/TODO.md,449,,FAIL,
R-ab72d4feea74,/Users/frisowempe/ISA_D/docs/TODO.md,450,/Users/frisowempe/ISA_D/.github/workflows/ci.yml,PASS,25: pip install ruff mypy pytest pytest-cov bandit pip-audit radon
R-f5524e481e9d,/Users/frisowempe/ISA_D/docs/TODO.md,451,,FAIL,
R-d43ad302fc0e,/Users/frisowempe/ISA_D/docs/TODO.md,452,,FAIL,
R-14998c736d22,/Users/frisowempe/ISA_D/docs/TODO.md,459,,FAIL,
R-dbcbf426e431,/Users/frisowempe/ISA_D/docs/TODO.md,460,,FAIL,
R-7abe5af858df,/Users/frisowempe/ISA_D/docs/TODO.md,468,,FAIL,
R-af14b5af7ece,/Users/frisowempe/ISA_D/docs/TODO.md,469,,FAIL,
R-05b2f6725569,/Users/frisowempe/ISA_D/docs/TODO.md,474,,FAIL,
R-86a171ea607c,/Users/frisowempe/ISA_D/docs/TODO.md,475,/Users/frisowempe/ISA_D/.github/workflows/ci.yml,PASS,25: pip install ruff mypy pytest pytest-cov bandit pip-audit radon
R-39a0879f68e4,/Users/frisowempe/ISA_D/docs/TODO.md,480,,FAIL,
R-e0741e3fc8af,/Users/frisowempe/ISA_D/docs/TODO.md,481,,FAIL,
R-07f72f5a6c0a,/Users/frisowempe/ISA_D/docs/TODO.md,482,,FAIL,
R-a7898f8f2377,/Users/frisowempe/ISA_D/docs/TODO.md,483,,FAIL,
R-ebc4721e2fa2,/Users/frisowempe/ISA_D/docs/TODO.md,484,,FAIL,
R-39fd381fcbf2,/Users/frisowempe/ISA_D/docs/TODO.md,485,,FAIL,
R-1516620ab718,/Users/frisowempe/ISA_D/docs/TODO.md,486,,FAIL,
R-348ad72c8b8b,/Users/frisowempe/ISA_D/docs/TODO.md,490,/Users/frisowempe/ISA_D/.github/workflows/ci.yml,PASS,25: pip install ruff mypy pytest pytest-cov bandit pip-audit radon
R-8ad1d176379f,/Users/frisowempe/ISA_D/docs/TODO.md,491,,FAIL,
R-9f2ad0a9d58d,/Users/frisowempe/ISA_D/docs/TODO.md,492,,FAIL,
R-b2c6c2820204,/Users/frisowempe/ISA_D/docs/TODO.md,493,,FAIL,
R-dd6b8e6ac6af,/Users/frisowempe/ISA_D/docs/TODO.md,494,,FAIL,
R-2618afabb031,/Users/frisowempe/ISA_D/docs/TODO.md,495,,FAIL,
R-c1d50223f942,/Users/frisowempe/ISA_D/docs/TODO.md,496,/Users/frisowempe/ISA_D/.github/workflows/ci.yml,PASS,25: pip install ruff mypy pytest pytest-cov bandit pip-audit radon
R-70b6f49b4ace,/Users/frisowempe/ISA_D/docs/TODO.md,501,,FAIL,
R-2b2e0f58e38d,/Users/frisowempe/ISA_D/docs/TODO.md,502,,FAIL,
R-8dd8c65f4773,/Users/frisowempe/ISA_D/docs/TODO.md,503,,FAIL,
R-168f8311977c,/Users/frisowempe/ISA_D/docs/TODO.md,504,,FAIL,
R-e3beaaeab5cb,/Users/frisowempe/ISA_D/docs/TODO.md,505,,FAIL,
R-f9c85f7b34f2,/Users/frisowempe/ISA_D/docs/TODO.md,506,,FAIL,
R-694a77ad4510,/Users/frisowempe/ISA_D/docs/TODO.md,511,,FAIL,
R-11d47c6fd42a,/Users/frisowempe/ISA_D/docs/TODO.md,512,,FAIL,
R-cf25df8192d2,/Users/frisowempe/ISA_D/docs/TODO.md,513,,FAIL,
R-46ac5ba35ecb,/Users/frisowempe/ISA_D/docs/TODO.md,514,,FAIL,
R-674d43dae3a8,/Users/frisowempe/ISA_D/docs/TODO.md,515,,FAIL,
R-c4dd4daa8427,/Users/frisowempe/ISA_D/docs/TODO.md,520,/Users/frisowempe/ISA_D/.github/workflows/ci.yml,PASS,25: pip install ruff mypy pytest pytest-cov bandit pip-audit radon
R-578e125f3e57,/Users/frisowempe/ISA_D/docs/TODO.md,521,/Users/frisowempe/ISA_D/.github/workflows/ci.yml,PASS,25: pip install ruff mypy pytest pytest-cov bandit pip-audit radon
R-bbf05e4e6cfa,/Users/frisowempe/ISA_D/docs/TODO.md,522,,WARN,
R-ba76ccdf210e,/Users/frisowempe/ISA_D/docs/TODO.md,526,,FAIL,
R-1a53b64dcbf5,/Users/frisowempe/ISA_D/docs/TODO.md,527,,FAIL,
R-b146724fe8ee,/Users/frisowempe/ISA_D/docs/TODO.md,528,,FAIL,
R-fd589c54433b,/Users/frisowempe/ISA_D/docs/TODO.md,529,/Users/frisowempe/ISA_D/.github/workflows/ci.yml,PASS,25: pip install ruff mypy pytest pytest-cov bandit pip-audit radon
R-2dbdb608228f,/Users/frisowempe/ISA_D/docs/TODO.md,534,,FAIL,
R-626db764a97c,/Users/frisowempe/ISA_D/docs/TODO.md,535,,FAIL,
R-3ed2bca912ab,/Users/frisowempe/ISA_D/docs/TODO.md,536,,FAIL,
R-6e500afbc9f1,/Users/frisowempe/ISA_D/docs/TODO.md,537,,FAIL,
R-fbe0a745cdb2,/Users/frisowempe/ISA_D/docs/AGENTIC_SCORECARD.md,5,,FAIL,
R-cda509ed3438,/Users/frisowempe/ISA_D/docs/AGENTIC_SCORECARD.md,8,,FAIL,
R-f4820b35ee26,/Users/frisowempe/ISA_D/docs/AGENTIC_SCORECARD.md,19,,FAIL,
R-baf9aa74ce67,/Users/frisowempe/ISA_D/docs/AGENTIC_SCORECARD.md,27,/Users/frisowempe/ISA_D/.github/workflows/ci.yml,PASS,25: pip install ruff mypy pytest pytest-cov bandit pip-audit radon
R-6db3a5eff1b5,/Users/frisowempe/ISA_D/docs/DEFINITION_OF_DONE.md,9,/Users/frisowempe/ISA_D/.github/workflows/ci.yml,PASS,25: pip install ruff mypy pytest pytest-cov bandit pip-audit radon
R-94ced6e9e842,/Users/frisowempe/ISA_D/docs/DEFINITION_OF_DONE.md,10,/Users/frisowempe/ISA_D/.github/workflows/ci.yml,PASS,25: pip install ruff mypy pytest pytest-cov bandit pip-audit radon
R-3f9e651a6d3c,/Users/frisowempe/ISA_D/docs/DEFINITION_OF_DONE.md,11,/Users/frisowempe/ISA_D/.github/workflows/ci.yml,PASS,25: pip install ruff mypy pytest pytest-cov bandit pip-audit radon
R-dd6474ce19ff,/Users/frisowempe/ISA_D/docs/DEFINITION_OF_DONE.md,12,,FAIL,
R-c5e38311d6ef,/Users/frisowempe/ISA_D/docs/DEFINITION_OF_DONE.md,13,/Users/frisowempe/ISA_D/.github/workflows/ci.yml,PASS,25: pip install ruff mypy pytest pytest-cov bandit pip-audit radon
R-f48eff0c4bcd,/Users/frisowempe/ISA_D/docs/DEFINITION_OF_DONE.md,14,,FAIL,
R-779d4005add1,/Users/frisowempe/ISA_D/docs/DEFINITION_OF_DONE.md,15,,FAIL,
R-0e3bd68e046a,/Users/frisowempe/ISA_D/docs/DEFINITION_OF_DONE.md,16,,FAIL,
R-d17d58de4e3e,/Users/frisowempe/ISA_D/docs/DEFINITION_OF_DONE.md,19,/Users/frisowempe/ISA_D/.github/workflows/ci.yml,PASS,25: pip install ruff mypy pytest pytest-cov bandit pip-audit radon
R-2e041b637b93,/Users/frisowempe/ISA_D/docs/DEFINITION_OF_DONE.md,20,,FAIL,
R-49a259c33c36,/Users/frisowempe/ISA_D/docs/DEFINITION_OF_DONE.md,21,/Users/frisowempe/ISA_D/.github/workflows/ci.yml,PASS,25: pip install ruff mypy pytest pytest-cov bandit pip-audit radon
R-056dc1f46261,/Users/frisowempe/ISA_D/docs/DEFINITION_OF_DONE.md,22,,FAIL,
R-f15e6884f7da,/Users/frisowempe/ISA_D/docs/DEFINITION_OF_DONE.md,25,,FAIL,
R-d7635dce3cd1,/Users/frisowempe/ISA_D/docs/DEFINITION_OF_DONE.md,26,,FAIL,
R-61a9e1022437,/Users/frisowempe/ISA_D/docs/DEFINITION_OF_DONE.md,27,,FAIL,
R-79f2b1ab97fb,/Users/frisowempe/ISA_D/docs/DEFINITION_OF_DONE.md,30,/Users/frisowempe/ISA_D/.github/workflows/ci.yml,PASS,25: pip install ruff mypy pytest pytest-cov bandit pip-audit radon
R-319810b70913,/Users/frisowempe/ISA_D/docs/DEFINITION_OF_DONE.md,31,,FAIL,
R-b5054f1e1cc1,/Users/frisowempe/ISA_D/docs/DEFINITION_OF_DONE.md,32,,FAIL,
R-2eb8f87f7275,/Users/frisowempe/ISA_D/docs/DEFINITION_OF_DONE.md,35,,FAIL,
R-85322fe384f9,/Users/frisowempe/ISA_D/docs/DEFINITION_OF_DONE.md,36,,FAIL,
R-be2a7d9803ca,/Users/frisowempe/ISA_D/docs/DEFINITION_OF_DONE.md,37,,FAIL,
R-9943098c1357,/Users/frisowempe/ISA_D/docs/ROADMAP.md,98,,FAIL,
R-ff397f7990e1,/Users/frisowempe/ISA_D/docs/ROADMAP.md,164,/Users/frisowempe/ISA_D/.github/workflows/ci.yml,PASS,25: pip install ruff mypy pytest pytest-cov bandit pip-audit radon
R-69e02fd41472,/Users/frisowempe/ISA_D/docs/ROADMAP.md,166,/Users/frisowempe/ISA_D/.github/workflows/ci.yml,PASS,25: pip install ruff mypy pytest pytest-cov bandit pip-audit radon
R-e460a7532c43,/Users/frisowempe/ISA_D/docs/ROADMAP.md,170,,FAIL,
R-f18a1cb5d8e4,/Users/frisowempe/ISA_D/docs/ROADMAP.md,267,/Users/frisowempe/ISA_D/.github/workflows/ci.yml,PASS,25: pip install ruff mypy pytest pytest-cov bandit pip-audit radon
R-a73741d1973a,/Users/frisowempe/ISA_D/docs/ROADMAP.md,268,/Users/frisowempe/ISA_D/.github/workflows/ci.yml,PASS,25: pip install ruff mypy pytest pytest-cov bandit pip-audit radon
R-2249377906ce,/Users/frisowempe/ISA_D/docs/ROADMAP.md,272,,FAIL,
R-3b64371b9362,/Users/frisowempe/ISA_D/docs/ROADMAP.md,279,,FAIL,
R-e3f969700429,/Users/frisowempe/ISA_D/docs/ROADMAP.md,280,/Users/frisowempe/ISA_D/.github/workflows/ci.yml,PASS,25: pip install ruff mypy pytest pytest-cov bandit pip-audit radon
R-37aee7014276,/Users/frisowempe/ISA_D/docs/ROADMAP.md,282,/Users/frisowempe/ISA_D/.github/workflows/ci.yml,PASS,25: pip install ruff mypy pytest pytest-cov bandit pip-audit radon
R-5d1334070c81,/Users/frisowempe/ISA_D/docs/ROADMAP.md,287,,FAIL,
R-0dac310f7ca6,/Users/frisowempe/ISA_D/docs/ROADMAP.md,292,/Users/frisowempe/ISA_D/.github/workflows/ci.yml,PASS,25: pip install ruff mypy pytest pytest-cov bandit pip-audit radon
R-102b34e2c058,/Users/frisowempe/ISA_D/docs/CI_WORKFLOWS.md,11,,FAIL,
R-8e5fcb6d132b,/Users/frisowempe/ISA_D/docs/CI_WORKFLOWS.md,52,,FAIL,
R-2c36c7163d42,/Users/frisowempe/ISA_D/docs/CI_WORKFLOWS.md,60,,FAIL,
R-c868f71180b0,/Users/frisowempe/ISA_D/docs/QUALITY_GATES.md,6,,FAIL,
R-81bd5d41c221,/Users/frisowempe/ISA_D/docs/QUALITY_GATES.md,8,,FAIL,
R-61e2990ce1a8,/Users/frisowempe/ISA_D/docs/QUALITY_GATES.md,9,/Users/frisowempe/ISA_D/.github/workflows/ci.yml,PASS,25: pip install ruff mypy pytest pytest-cov bandit pip-audit radon
R-42bdfb61ef9f,/Users/frisowempe/ISA_D/docs/QUALITY_GATES.md,10,/Users/frisowempe/ISA_D/.github/workflows/ci.yml,PASS,25: pip install ruff mypy pytest pytest-cov bandit pip-audit radon
R-64d1c3a84747,/Users/frisowempe/ISA_D/docs/QUALITY_GATES.md,11,/Users/frisowempe/ISA_D/.github/workflows/ci.yml,PASS,25: pip install ruff mypy pytest pytest-cov bandit pip-audit radon
R-dde0de68d4bf,/Users/frisowempe/ISA_D/docs/QUALITY_GATES.md,12,/Users/frisowempe/ISA_D/.github/workflows/ci.yml,PASS,25: pip install ruff mypy pytest pytest-cov bandit pip-audit radon
R-0e96d86436ae,/Users/frisowempe/ISA_D/docs/QUALITY_GATES.md,19,/Users/frisowempe/ISA_D/.github/workflows/ci.yml,PASS,25: pip install ruff mypy pytest pytest-cov bandit pip-audit radon
R-18545355100b,/Users/frisowempe/ISA_D/docs/QUALITY_GATES.md,20,/Users/frisowempe/ISA_D/.github/workflows/ci.yml,PASS,25: pip install ruff mypy pytest pytest-cov bandit pip-audit radon
R-da76116b54ff,/Users/frisowempe/ISA_D/docs/QUALITY_GATES.md,21,/Users/frisowempe/ISA_D/.github/workflows/ci.yml,PASS,25: pip install ruff mypy pytest pytest-cov bandit pip-audit radon
R-28bf891b9551,/Users/frisowempe/ISA_D/docs/QUALITY_GATES.md,22,/Users/frisowempe/ISA_D/.github/workflows/ci.yml,PASS,25: pip install ruff mypy pytest pytest-cov bandit pip-audit radon
R-ad054c50f65e,/Users/frisowempe/ISA_D/docs/QUALITY_GATES.md,23,/Users/frisowempe/ISA_D/.github/workflows/ci.yml,PASS,25: pip install ruff mypy pytest pytest-cov bandit pip-audit radon
R-8d00ac61d083,/Users/frisowempe/ISA_D/docs/QUALITY_GATES.md,27,/Users/frisowempe/ISA_D/.github/workflows/ci.yml,PASS,25: pip install ruff mypy pytest pytest-cov bandit pip-audit radon
R-bcc0186b674a,/Users/frisowempe/ISA_D/docs/QUALITY_GATES.md,31,ISA_SuperApp/Dockerfile,PASS,19: EXPOSE 8787
R-f314121b818d,/Users/frisowempe/ISA_D/docs/QUALITY_GATES.md,38,,FAIL,
R-ea85114a3218,/Users/frisowempe/ISA_D/docs/QUALITY_GATES.md,46,/Users/frisowempe/ISA_D/.github/workflows/ci.yml,PASS,25: pip install ruff mypy pytest pytest-cov bandit pip-audit radon
R-898e366a0a91,/Users/frisowempe/ISA_D/docs/QUALITY_GATES.md,50,,FAIL,
R-a902ef8c37df,/Users/frisowempe/ISA_D/docs/QUALITY_GATES.md,52,,FAIL,
R-4d952ce8788d,/Users/frisowempe/ISA_D/docs/QUALITY_GATES.md,63,,FAIL,
R-86f8a81d373c,/Users/frisowempe/ISA_D/docs/QUALITY_GATES.md,65,/Users/frisowempe/ISA_D/.github/workflows/ci.yml,PASS,25: pip install ruff mypy pytest pytest-cov bandit pip-audit radon
R-95ceec0213e2,/Users/frisowempe/ISA_D/docs/QUALITY_GATES.md,67,,WARN,
R-5b53b5dacb02,/Users/frisowempe/ISA_D/docs/QUALITY_GATES.md,68,,WARN,
R-d02e54d5b4f5,/Users/frisowempe/ISA_D/docs/QUALITY_GATES.md,74,,FAIL,
R-3278d70a22bb,/Users/frisowempe/ISA_D/docs/QUALITY_GATES.md,82,,FAIL,
R-0487ebc6c5b8,/Users/frisowempe/ISA_D/docs/QUALITY_METHODS.md,8,/Users/frisowempe/ISA_D/.github/workflows/ci.yml,PASS,25: pip install ruff mypy pytest pytest-cov bandit pip-audit radon
R-308d70a02fb4,/Users/frisowempe/ISA_D/docs/QUALITY_METHODS.md,13,,FAIL,
R-e328d4af5a32,/Users/frisowempe/ISA_D/docs/QUALITY_METHODS.md,17,,FAIL,
R-edd1161908be,/Users/frisowempe/ISA_D/docs/COST_TELEMETRY.md,18,,FAIL,
R-14ef97e36920,/Users/frisowempe/ISA_D/docs/AGENTIC_GOALS.md,8,/Users/frisowempe/ISA_D/.github/workflows/ci.yml,PASS,25: pip install ruff mypy pytest pytest-cov bandit pip-audit radon
R-192d70fed238,/Users/frisowempe/ISA_D/docs/AGENTIC_GOALS.md,15,/Users/frisowempe/ISA_D/.github/workflows/ci.yml,PASS,25: pip install ruff mypy pytest pytest-cov bandit pip-audit radon
R-e0f0c3e9455b,/Users/frisowempe/ISA_D/docs/ADOPTION_PLAN.md,23,/Users/frisowempe/ISA_D/.github/workflows/ci.yml,PASS,25: pip install ruff mypy pytest pytest-cov bandit pip-audit radon
R-daddd4f58e64,/Users/frisowempe/ISA_D/docs/ADOPTION_PLAN.md,26,,FAIL,
R-c69210acb646,/Users/frisowempe/ISA_D/docs/IMPLEMENTATION_PLAN.md,9,,FAIL,
R-4140ff5a1d75,/Users/frisowempe/ISA_D/docs/IMPLEMENTATION_PLAN.md,11,,FAIL,
R-01d0173fc8c8,/Users/frisowempe/ISA_D/docs/IMPLEMENTATION_PLAN.md,13,,FAIL,
R-9619237ae944,/Users/frisowempe/ISA_D/docs/IMPLEMENTATION_PLAN.md,15,,FAIL,
R-d9cd36c83aa9,/Users/frisowempe/ISA_D/docs/IMPLEMENTATION_PLAN.md,57,,FAIL,
R-5649ad29a9ec,/Users/frisowempe/ISA_D/context7-master/README.md,973,,FAIL,
R-371d69623194,/Users/frisowempe/ISA_D/context7-master/README.md,976,,FAIL,
R-5655b1cfc021,/Users/frisowempe/ISA_D/.github/pull_request_template.md,8,/Users/frisowempe/ISA_D/.github/workflows/ci.yml,PASS,25: pip install ruff mypy pytest pytest-cov bandit pip-audit radon
R-9eda75743fee,/Users/frisowempe/ISA_D/.github/pull_request_template.md,9,/Users/frisowempe/ISA_D/.github/workflows/ci.yml,PASS,25: pip install ruff mypy pytest pytest-cov bandit pip-audit radon
R-2e8f82227af4,/Users/frisowempe/ISA_D/.github/pull_request_template.md,10,/Users/frisowempe/ISA_D/.github/workflows/ci.yml,PASS,25: pip install ruff mypy pytest pytest-cov bandit pip-audit radon
R-ad778c49738e,/Users/frisowempe/ISA_D/.github/pull_request_template.md,11,,FAIL,
R-2f891dc74edb,/Users/frisowempe/ISA_D/.github/pull_request_template.md,12,,FAIL,
R-3c7e14f9d61d,/Users/frisowempe/ISA_D/.github/pull_request_template.md,13,,FAIL,
R-c29c0c18181a,/Users/frisowempe/ISA_D/.github/pull_request_template.md,14,/Users/frisowempe/ISA_D/.github/workflows/ci.yml,PASS,25: pip install ruff mypy pytest pytest-cov bandit pip-audit radon
R-682b1609909d,/Users/frisowempe/ISA_D/.github/pull_request_template.md,15,,FAIL,
R-27ebea23eb06,/Users/frisowempe/ISA_D/.github/pull_request_template.md,16,,FAIL,
R-80cc9cbb843f,/Users/frisowempe/ISA_D/.github/pull_request_template.md,17,,FAIL,
R-806687f0119d,/Users/frisowempe/ISA_D/.github/pull_request_template.md,21,,FAIL,
R-04e283c8dc8f,/Users/frisowempe/ISA_D/.github/pull_request_template.md,22,ISA_SuperApp/Dockerfile,PASS,19: EXPOSE 8787
R-faa9d9438aa1,/Users/frisowempe/ISA_D/.github/pull_request_template.md,23,,FAIL,
R-c82036dc7944,/Users/frisowempe/ISA_D/src/orchestrator/README.md,4,,FAIL,
R-8b57626a3be8,/Users/frisowempe/ISA_D/.github/ISSUE_TEMPLATE/high-priority-governance.md,30,,FAIL,
R-ef9b42da4bed,/Users/frisowempe/ISA_D/.github/ISSUE_TEMPLATE/high-priority-governance.md,31,,FAIL,
R-4c5cdb75e2d3,/Users/frisowempe/ISA_D/.github/ISSUE_TEMPLATE/high-priority-governance.md,32,,FAIL,
R-f1a840d1c6d2,/Users/frisowempe/ISA_D/.github/ISSUE_TEMPLATE/high-priority-governance.md,33,,FAIL,
R-8a7d49596585,/Users/frisowempe/ISA_D/.github/ISSUE_TEMPLATE/high-priority-governance.md,34,,FAIL,
R-0d2db702e3b4,/Users/frisowempe/ISA_D/context7-master/docs/adding-projects.md,51,,FAIL,
R-db120e3569b9,/Users/frisowempe/ISA_D/context7-master/docs/adding-projects.md,112,,FAIL,
R-4bc8f65367b3,/Users/frisowempe/ISA_D/docs/ADR/0004-validation-fastjsonschema.md,8,,FAIL,
R-b526e48abb57,/Users/frisowempe/ISA_D/docs/ADR/0004-validation-fastjsonschema.md,13,,FAIL,
R-78ebb1dd9e8a,/Users/frisowempe/ISA_D/docs/ADR/0003-canonical-json-orjson.md,25,,FAIL,
R-a0b7008ae9fd,/Users/frisowempe/ISA_D/docs/ADR/0002-agent-safety-and-autonomy.md,5,,FAIL,
R-f395d3514b10,/Users/frisowempe/ISA_D/docs/ADR/0002-agent-safety-and-autonomy.md,13,,WARN,
R-da24075aa771,/Users/frisowempe/ISA_D/docs/ADR/0002-agent-safety-and-autonomy.md,18,,FAIL,
R-7b369e299909,/Users/frisowempe/ISA_D/docs/llm/RUNTIME_LAYER.md,12,,FAIL,
R-478534417c88,/Users/frisowempe/ISA_D/docs/data_quality/EXPECTATIONS_PLAN.md,13,,FAIL,
R-823a3cf429e2,/Users/frisowempe/ISA_D/docs/data_quality/EXPECTATIONS_PLAN.md,15,,FAIL,
R-f2d74348b205,/Users/frisowempe/ISA_D/docs/interop/MCP.md,8,,FAIL,
R-f9695e160086,/Users/frisowempe/ISA_D/docs/agents/INTEGRATION_PROMPTS.md,11,,FAIL,
R-3d001d99157f,/Users/frisowempe/ISA_D/docs/agents/INTEGRATION_PROMPTS.md,23,,FAIL,
R-cd4eb4e201fb,/Users/frisowempe/ISA_D/docs/agents/ORCHESTRATION_ARCHITECTURE.md,69,,FAIL,
R-3c807095107f,/Users/frisowempe/ISA_D/docs/agents/AGENTS.md,4,,FAIL,
R-f0abe0590203,/Users/frisowempe/ISA_D/docs/agents/AGENTS.md,9,,FAIL,
R-db2f4b2e6437,/Users/frisowempe/ISA_D/docs/agents/AGENTS.md,34,,WARN,
R-3e8ce88ecedf,/Users/frisowempe/ISA_D/docs/agents/CODEGENESIS.md,7,,FAIL,
R-e613f4402119,/Users/frisowempe/ISA_D/docs/audit/remediation_plan.md,3,/Users/frisowempe/ISA_D/.github/workflows/ci.yml,PASS,25: pip install ruff mypy pytest pytest-cov bandit pip-audit radon
R-e97b02cd930d,/Users/frisowempe/ISA_D/docs/audit/remediation_plan.md,4,,FAIL,
R-d92393058128,/Users/frisowempe/ISA_D/docs/audit/remediation_plan.md,5,,FAIL,
R-74a9aaf0214a,/Users/frisowempe/ISA_D/docs/audit/remediation_plan.md,6,,FAIL,
R-6ffd064fac89,/Users/frisowempe/ISA_D/docs/audit/remediation_plan.md,7,,WARN,
R-728d73fea19a,/Users/frisowempe/ISA_D/docs/audit/remediation_plan.md,8,/Users/frisowempe/ISA_D/.github/workflows/ci.yml,PASS,25: pip install ruff mypy pytest pytest-cov bandit pip-audit radon
R-eac11228517d,/Users/frisowempe/ISA_D/docs/audit/remediation_plan.md,9,,FAIL,
R-26efbaaff847,/Users/frisowempe/ISA_D/docs/audit/remediation_plan.md,10,,FAIL,
R-3da06c350a74,/Users/frisowempe/ISA_D/docs/audit/audit_report.md,5,,FAIL,
R-772edc6c4666,/Users/frisowempe/ISA_D/docs/templates/power_analysis_template.md,8,,FAIL,
R-118ff3e4bbab,/Users/frisowempe/ISA_D/docs/ops/memory_privacy_dsr.md,8,,FAIL,
R-540278444bcc,/Users/frisowempe/ISA_D/docs/ops/memory_privacy_dsr.md,20,,FAIL,
