Unnamed: 0,Unnamed: 1,Unnamed: 2,Unnamed: 3,Unnamed: 4,Unnamed: 5,Unnamed: 6,Unnamed: 7,Unnamed: 8,Change Information,Unnamed: 10,Unnamed: 11,Unnamed: 12
BMS ID of Linked GDM Global/Regional Attribute,GDD Name of Linked GDM Global/Regional Attribute,GDD Name of Technical Attribute,Technical Attribute is Conditional/ Optional,BMS ID,GDD Name,Attribute Definition (GDD),short xPath,GDSN Technical Attribute,Change Type,WR Number,Detailed Change Information,Release Version
66,nan,nan,nan,66,tradeItemUnitDescriptorCode,"Describes the hierarchical level of the trade item. The attribute tradeItemUnitDescriptorCode is mandatory. Examples: ""CASE"", ”PALLET”.",/catalogue_item_notification:catalogueItemNotificationMessage/transaction/documentCommand/catalogue_item_notification:catalogueItemNotification/catalogueItem/tradeItem/tradeItemUnitDescriptorCode,NO,nan,nan,nan,nan
68,nan,nan,nan,68,additionalTradeItemIdentification,Alternative means to the Global Trade Item Number to identify a trade item.,/catalogue_item_notification:catalogueItemNotificationMessage/transaction/documentCommand/catalogue_item_notification:catalogueItemNotification/catalogueItem/tradeItem/additionalTradeItemIdentification,NO,nan,nan,nan,nan
115,nan,nan,nan,115,referencedTradeItemTypeCode,"A code depicting the type of trade item that is referenced for a specific purpose for example substitute, replaced by, equivalent trade items.",/catalogue_item_notification:catalogueItemNotificationMessage/transaction/documentCommand/catalogue_item_notification:catalogueItemNotification/catalogueItem/tradeItem/referencedTradeItem/referencedTradeItemTypeCode,NO,nan,nan,nan,nan
127,nan,nan,nan,127,contactTypeCode,The  general category of the contact party for a trade item for example Purchasing.,/catalogue_item_notification:catalogueItemNotificationMessage/transaction/documentCommand/catalogue_item_notification:catalogueItemNotification/catalogueItem/tradeItem/tradeItemContactInformation/contactTypeCode,NO,nan,nan,nan,nan
204,nan,nan,nan,204,animalNutrientTypeCode,A code identifying nutrients contained in the animal food or nutrition product.,animalFeedingModule/animalFeeding/animalFeedingDetail/animalNutrientDetail/animalNutrientTypeCode,NO,nan,nan,nan,nan
208,nan,nan,nan,208,animalNutrientQuantityContained,"Measurement value indicating the amount of the nutrient contained in the animal food or nutrition product. It is expressed relative to the animal nutrient quantity contained basis measurement.  For example, 3 grams in the case of 3 grams per 12 kilogram.  Allows for the representation of the same value in different units of measure but not multiple values.",animalFeedingModule/animalFeeding/animalFeedingDetail/animalNutrientDetail/animalNutrientQuantityContained,NO,nan,nan,nan,nan
370,nan,nan,nan,370,allergenStatement,"Textual description of the presence or absence of allergens as governed by local rules and regulations, specified as one string.",allergenInformationModule/allergenRelatedInformation/allergenStatement,NO,nan,nan,nan,nan
375,nan,nan,nan,375,allergenTypeCode,Code indicating the type of allergen.,allergenInformationModule/allergenRelatedInformation/allergen/allergenTypeCode,NO,nan,nan,nan,nan
376,nan,nan,nan,376,levelOfContainmentCode,Code indicating the level of presence of the allergen.,allergenInformationModule/allergenRelatedInformation/allergen/levelOfContainmentCode,NO,nan,nan,nan,nan
386,nan,nan,nan,386,animalNutritionalClaim,Free text field for any additional nutritional claims in relations to animal feed.,animalFeedingModule/animalNutritionalClaim,NO,nan,nan,nan,nan
388,nan,nan,nan,388,feedType,"Type of pet food or feed given to wild or domestic animals in the course of animal husbandry, e.g. feed material, complete feed, complementary feed.",animalFeedingModule/feedType,NO,nan,nan,nan,nan
389,nan,nan,nan,389,targetedConsumptionBy,The type of animal this food is intended to be consumed by.,animalFeedingModule/targetedConsumptionBy,NO,nan,nan,nan,nan
399,nan,nan,nan,399,feedLifestage,Identifies the life-stage of the animal for which a trade item has been designed for example Adult.,animalFeedingModule/animalFeeding/feedLifestage,NO,nan,nan,nan,nan
401,nan,nan,nan,401,maximumWeightOfAnimalBeingFed,The highest weight (in a weight range) of the animal to be fed by the trade item.  This value qualifies the quantity of feed for the feed life-stage.,animalFeedingModule/animalFeeding/maximumWeightOfAnimalBeingFed,NO,nan,nan,nan,nan
403,nan,nan,nan,403,minimumWeightOfAnimalBeingFed,The lowest weight (in a weight range) of the animal to be fed by the trade item.  This value qualifies the quantity of feed for the feed lifestage.,animalFeedingModule/animalFeeding/minimumWeightOfAnimalBeingFed,NO,nan,nan,nan,nan
416,nan,nan,nan,416,feedingAmount,The amount of feed which is specified for the feed life-stage and qualified by the weight of animal being fed.,animalFeedingModule/animalFeeding/animalFeedingDetail/feedingAmount,NO,nan,nan,nan,nan
420,nan,nan,nan,420,maximumFeedingAmount,The maximum amount of feed which is specified for the feed life-stage and qualified by the weight of animal being fed.,animalFeedingModule/animalFeeding/animalFeedingDetail/maximumFeedingAmount,NO,nan,nan,nan,nan
422,nan,nan,nan,422,minimumFeedingAmount,The minimum amount of feed which is specified for the feed life-stage and qualified by the weight of animal being fed.,animalFeedingModule/animalFeeding/animalFeedingDetail/minimumFeedingAmount,NO,nan,nan,nan,nan
424,nan,nan,nan,424,recommendedFrequencyOfFeeding,"How frequently it is recommended to feed an animal the quantity of feed within a time period for the specified feed life-stage. Examples: 2 feedings per day,  maximum 2 chew sticks  and/or 2 portions per day.",animalFeedingModule/animalFeeding/animalFeedingDetail/recommendedFrequencyOfFeeding,NO,nan,nan,nan,nan
613,nan,nan,nan,613,batteryTechnologyTypeCode,"The type of battery family (e.g. Lithium, NiMH) of batteries used by the product.",batteryInformationModule/batteryDetail/batteryTechnologyTypeCode,NO,nan,nan,nan,nan
614,nan,nan,nan,614,batteryTypeCode,"Type of battery required to operate the game. If “Are Batteries Required” or if “Quantity of Batteries"" is populated or if ""Are Batteries Included = “Yes” this attribute is required.",batteryInformationModule/batteryDetail/batteryTypeCode,NO,nan,nan,nan,nan
615,nan,nan,nan,615,batteryWeight,The weight of each battery included with or built into the trade item.,batteryInformationModule/batteryDetail/batteryWeight,NO,nan,nan,nan,nan
789,nan,nan,nan,789,consumerStorageInstructions,"Expresses in text the consumer storage instructions of a product which are normally held on the label or accompanying the product. This information may or may not be labeled on the pack. Instructions may refer to a suggested storage temperature, a specific storage requirement.",consumerInstructionsModule/consumerInstructions/consumerStorageInstructions,NO,nan,nan,nan,nan
791,nan,nan,nan,791,consumerUsageInstructions,"Expresses in text the consumer usage instructions of a product which are normally held on the label or accompanying the product. This information may or may not be labeled on the pack. Instructions may refer to a the how the consumer is to use the product, This does not include storage, food preparations, and drug dosage and preparation instructions.",consumerInstructionsModule/consumerInstructions/consumerUsageInstructions,NO,nan,nan,nan,nan
914,nan,nan,nan,914,catchMethodCode,"The catch method for fish and seafood as specified by FAO, Fisheries and Aquaculture Department of the Food and Agriculture Organization of the United Nations. This required attribute will help the global retail industry to fulfil the EU requirements for a common fisheries policy.",dairyFishMeatPoultryItemModule/dairyFishMeatPoultryInformation/fishReportingInformation/fishCatchInformation/catchMethodCode,NO,nan,nan,nan,nan
915,nan,nan,nan,915,productionMethodForFishAndSeaFoodCode,"The production method for fish and seafood is a GS1 maintained code list, derived from the Fisheries and Aquaculture Department of the Food and Agriculture Organization (FAO) of the United Nations. This attribute will help the global retail industry to fulfill the EU requirements for a common fisheries policy.",dairyFishMeatPoultryItemModule/dairyFishMeatPoultryInformation/fishReportingInformation/fishCatchInformation/productionMethodForFishAndSeaFoodCode,NO,nan,nan,nan,nan
916,nan,nan,nan,916,storageStateCode,A code depicting that the referred product was previously frozen or not.,dairyFishMeatPoultryItemModule/dairyFishMeatPoultryInformation/fishReportingInformation/fishCatchInformation/storageStateCode,NO,nan,nan,nan,nan
1066,nan,nan,nan,1066,dietTypeCode,Code indicating the diet the product is suitable for.,dietInformationModule/dietInformation/dietTypeInformation/dietTypeCode,NO,nan,nan,nan,nan
1175,nan,nan,nan,1175,dutyFeeTaxCategoryCode,"Depicts the applicability of the tax rate or amount for a trade item for example zero, low or exempt.",dutyFeeTaxInformationModule/dutyFeeTaxInformation/dutyFeeTax/dutyFeeTaxCategoryCode,NO,nan,nan,nan,nan
1258,nan,nan,nan,1258,geneticallyModifiedDeclarationCode,A statement of the presence or absence of genetically modified protein or DNA.,farmingAndProcessingInformationModule/tradeItemFarmingAndProcessing/geneticallyModifiedDeclarationCode,NO,nan,nan,nan,nan
1259,nan,nan,nan,1259,growingMethodCode,"The process through which the item has been grown, cultivated, reared, and/or raised.",farmingAndProcessingInformationModule/tradeItemFarmingAndProcessing/growingMethodCode,NO,nan,nan,nan,nan
1268,nan,nan,nan,1268,ingredientStatement,Information on the constituent ingredient make-up of the product as specified.,foodAndBeverageIngredientModule/ingredientStatement,NO,nan,nan,nan,nan
1273,nan,nan,nan,1273,levelOfContainmentCode,Code indicating the level of presence of the additive.,foodAndBeverageIngredientModule/additiveInformation/levelOfContainmentCode,NO,nan,nan,nan,nan
1365,nan,nan,nan,1365,numberOfServingsPerPackageMeasurementPrecisionCode,The total number of servings contained in the package.,foodAndBeveragePreparationServingModule/servingQuantityInformation/numberOfServingsPerPackageMeasurementPrecisionCode,NO,nan,nan,nan,nan
1377,nan,nan,nan,1377,preparationInstructions,Textual instruction on how to prepare the product before serving.,foodAndBeveragePreparationServingModule/preparationServing/preparationInstructions,NO,nan,nan,nan,nan
1379,nan,nan,nan,1379,preparationTypeCode,"A code specifying the technique used to make the product ready for consumption. For example: baking, boiling.",foodAndBeveragePreparationServingModule/preparationServing/preparationTypeCode,NO,nan,nan,nan,nan
1380,nan,nan,nan,1380,servingSuggestion,Free text field for serving suggestion.,foodAndBeveragePreparationServingModule/preparationServing/servingSuggestion,NO,nan,nan,nan,nan
1457,nan,nan,nan,1457,compulsoryAdditiveLabelInformation,"A description of any compulsory label information on the product. For example, the German additives regulation (ZzulV), for products such as meats and sausages, meat products, bread and bread products is needed for the serving counter.",healthRelatedInformationModule/healthRelatedInformation/compulsoryAdditiveLabelInformation,NO,nan,nan,nan,nan
1494,nan,nan,nan,1494,tradeItemFeatureBenefit,Element for consumer facing marketing content to describe the key features or benefits of the style suitable for display purposes.,marketingInformationModule/marketingInformation/tradeItemFeatureBenefit,NO,nan,nan,nan,nan
1498,nan,nan,nan,1498,tradeItemMarketingMessage,Marketing message associated to the Trade item.,marketingInformationModule/marketingInformation/tradeItemMarketingMessage,NO,nan,nan,nan,nan
1506,nan,nan,nan,1506,gradeCodeReference,"A code indicating the degree of refinement, features, or capabilities for a trade item for example the quality grade of a ceramic tile.",marketingInformationModule/marketingInformation/gradeCodeReference,NO,nan,nan,nan,nan
1530,nan,nan,nan,1530,tradeItemKeyWords,"Words or phrases that enables web search engines to find trade items on the internet for example Shampoo, Lather, Baby.",marketingInformationModule/marketingInformation/tradeItemKeyWords,NO,nan,nan,nan,nan
1558,nan,nan,nan,1558,targetConsumerAge,Identifies the target consumer age range for which a trade item has been designed.,marketingInformationModule/marketingInformation/targetConsumer/targetConsumerAge,NO,nan,nan,nan,nan
1623,nan,nan,nan,1623,nonfoodIngredientStatement,Information on the constituent ingredient make-up of the product as specified for non-food items.,nonfoodIngredientModule/nonfoodIngredientStatement,NO,nan,nan,nan,nan
1664,nan,nan,nan,1664,depth,"The depth of the unit load, as measured according to the GDSN Package Measurement Rules, including the shipping platform unless it is excluded according to the Pallet Type Code chosen.",nonGTINLogisticsUnitInformationModule/nonGTINLogisticsUnitInformation/depth,NO,nan,nan,nan,nan
1666,nan,nan,nan,1666,grossWeight,"The weight of both the unit load (content) and the plat-form upon which the goods are carried, if there is one.",nonGTINLogisticsUnitInformationModule/nonGTINLogisticsUnitInformation/grossWeight,NO,nan,nan,nan,nan
1668,nan,nan,nan,1668,height,"The height of the unit load, as measured according to the GDSN Package Measurement Rules, including the shipping platform unless it is excluded according to the Pallet Type Code chosen.",nonGTINLogisticsUnitInformationModule/nonGTINLogisticsUnitInformation/height,NO,nan,nan,nan,nan
1671,nan,nan,nan,1671,width,"The width of the unit load, as measured according to the GDSN Package Measurement Rules, including the shipping platform unless it is excluded according to the Pallet Type Code chosen.",nonGTINLogisticsUnitInformationModule/nonGTINLogisticsUnitInformation/width,NO,nan,nan,nan,nan
1682,nan,nan,nan,1682,nutritionalClaim,"Free text field for any additional type of product claims like nutritional, health claims,etc.",nutritionalInformationModule/nutritionalClaim,NO,nan,nan,nan,nan
1709,nan,nan,nan,1709,nutritionalClaimNutrientElementCode,"The type of nutrient, ingredient, vitamins and minerals that the nutritional claim is in reference to for example fat, copper, milk.",nutritionalInformationModule/nutritionalClaimDetail/nutritionalClaimNutrientElementCode,NO,nan,nan,nan,nan
1710,nan,nan,nan,1710,nutritionalClaimTypeCode,A code depicting the degree to which a trade item contains a specific nutrient or ingredient in relation to a health claim for example FREE_FROM.,nutritionalInformationModule/nutritionalClaimDetail/nutritionalClaimTypeCode,NO,nan,nan,nan,nan
1712,nan,nan,nan,1712,dailyValueIntakeReference,Free text field specifying the daily value intake base for on which the daily value intake per nutrient has been based. Example: “Based on a 2000 calorie diet.”,nutritionalInformationModule/nutrientHeader/dailyValueIntakeReference,NO,nan,nan,nan,nan
1714,nan,nan,nan,1714,nutrientBasisQuantity,"The basis amount that a nutrient is measured against when it is not serving size. For example, 120 gr in the case of 30 kj per 120 gr.",nutritionalInformationModule/nutrientHeader/nutrientBasisQuantity,NO,nan,nan,nan,nan
1717,nan,nan,nan,1717,preparationStateCode,"Code specifying the preparation state or type the nutrient information applies to, for example, unprepared, boiled, fried.",nutritionalInformationModule/nutrientHeader/preparationStateCode,NO,nan,nan,nan,nan
1718,nan,nan,nan,1718,servingSize,"Measurement value specifying the serving size or portion. In some markets due to regulation this information is used as the basis amount that a nutrient is measured against. Example: Per 30 grams. 1/2 cup, etc. Please refer to the target markets implementation guideline on how to populate this attribute.",nutritionalInformationModule/nutrientHeader/servingSize,NO,nan,nan,nan,nan
1720,nan,nan,nan,1720,servingSizeDescription,A free text field specifying the serving size for which the nutrient information has been stated for example: per 1/3 cup (42 g).,nutritionalInformationModule/nutrientHeader/servingSizeDescription,NO,nan,nan,nan,nan
1732,nan,nan,nan,1732,measurementPrecisionCode,Code indicating whether the specified nutrient content is exact or approximate.,nutritionalInformationModule/nutrientHeader/nutrientDetail/measurementPrecisionCode,NO,nan,nan,nan,nan
1733,nan,nan,nan,1733,nutrientTypeCode,Code from the list of the INFOODS food component tag names.,nutritionalInformationModule/nutrientHeader/nutrientDetail/nutrientTypeCode,NO,nan,nan,nan,nan
1734,nan,nan,nan,1734,quantityContained,Measurement value indicating the amount of nutrient contained in the product. Is expressed relative to the serving size.,nutritionalInformationModule/nutrientHeader/nutrientDetail/quantityContained,NO,nan,nan,nan,nan
1736,nan,nan,nan,1736,dailyValueIntakePercentMeasurementPrecisionCode,Code indicating whether the specified nutrient content for the Daily Value Intake % is exact or approximate or less than etc. One should follow local regulatory guidelines when selecting a precision.,nutritionalInformationModule/nutrientHeader/nutrientDetail/dailyValueIntakePercentMeasurementPrecisionCode,NO,nan,nan,nan,nan
2166,nan,nan,nan,2166,packagingFeatureCode,A packaging feature thatfacilitates the usage of the product by the consumer.  Features do not affect the core composition of the packaging type nor modify its usage.,packagingInformationModule/packaging/packagingFeatureCode,NO,nan,nan,nan,nan
2181,nan,nan,nan,2181,platformTypeCode,"Indicates whether the described despatch unit is delivered on a pallet/platform and on which type of platform. If the despatch unit is delivered on a platform, the platform type must be given here. The range of the platform types/codes is listed in code sets.",packagingInformationModule/packaging/platformTypeCode,NO,nan,nan,nan,nan
2186,nan,nan,nan,2186,packagingTypeCode,"The dominant means used to transport, store, handle or display the trade item as defined by the data source. This packaging is not used to describe any manufacturing process. Data recipients can use this data for:• Space Planning• Data Accuracy (Tolerances)• Supply Chain processes• Recycling process (In combination with packaging materials)• Product buying/procurement decisions• Tax calculations/fees/duties calculation",packagingInformationModule/packaging/packagingTypeCode,NO,nan,nan,nan,nan
2206,nan,nan,nan,2206,packagingMaterialTypeCode,The materials used for the packaging of the trade item for example glass or plastic.This material information can be used by data recipients for: o Tax calculations/fees/duties calculationo Carbon footprint calculations/estimations (resource optimisation)o to determine the material used.,packagingInformationModule/packaging/packagingMaterial/packagingMaterialTypeCode,NO,nan,nan,nan,nan
2261,nan,nan,nan,2261,returnablePackageDepositAmount,The monetary amount for the individual returnable package.,packagingInformationModule/packaging/packageDeposit/returnablePackageDepositAmount,NO,nan,nan,nan,nan
2263,nan,nan,nan,2263,returnablePackageDepositIdentification,In some markets the deposit information is specified by a GTIN giving the type of returnable package on which a deposit is charged. Each deposit code is associated with an amount specified elsewhere. The enumeration list is maintained externally.,packagingInformationModule/packaging/packageDeposit/returnablePackageDepositIdentification,NO,nan,nan,nan,nan
2312,nan,nan,nan,2312,packagingMarkedLabelAccreditationCode,"A marking, on a label, that the trade item received recognition, endorsement, certification by following guidelines by the label issuing agency. This does not represent regulatory labels like CE, ϶ .",packagingMarkingModule/packagingMarking/packagingMarkedLabelAccreditationCode,NO,nan,nan,nan,nan
2334,nan,nan,nan,2334,tradeItemDateOnPackagingTypeCode,Indicates the type of  date marked on the packaging for example Best Before Date.,packagingMarkingModule/packagingMarking/packagingDate/tradeItemDateOnPackagingTypeCode,NO,nan,nan,nan,nan
2776,nan,nan,nan,2776,importClassificationTypeCode,"Imports and exports of trade items typically require classification codes to determine appropriate duties and tariffs. Values include Netherlands Import Code, Harmonized Commodity Description and Coding System, Customs Tariff and INTRASTAT Code, Harmonized Tariff Schedule of the United States, INTRASTAT Combined Nomenclature, Tarif Intégré de la Communauté",placeOfItemActivityModule/importClassification/importClassificationTypeCode,NO,nan,nan,nan,nan
2781,nan,nan,nan,2781,countryOfOriginStatement,A description of the country the item may have originated from or has been processed for example “Made in Germany”.,placeOfItemActivityModule/placeOfProductActivity/countryOfOriginStatement,NO,nan,nan,nan,nan
2783,nan,nan,nan,2783,provenanceStatement,"The place a trade item originates from. This is to be specifically used to enable things such as cities, mountain ranges, regions that do not comply with ISO standards. Examples: Made in Thüringen Mountains, Made in Paris, From the Napa Valley.",placeOfItemActivityModule/placeOfProductActivity/provenanceStatement,NO,nan,nan,nan,nan
2999,nan,nan,nan,2999,referencedFileTypeCode,The type of file that is being referenced for example Safety Data Sheet or Product Image.,referencedFileDetailInformationModule/referencedFileHeader/referencedFileTypeCode,NO,nan,nan,nan,nan
3237,nan,nan,nan,3237,gHSSignalWordsCode,"Words such as ""Danger"" or ""Warning"" used to emphasize hazards and indicate the relative level of severity of the hazard. For GHS these are assigned to a GHS hazard class and category. Some lower level hazard categories do not use signal words.",safetyDataSheetModule/safetyDataSheetInformation/gHSDetail/gHSSignalWordsCode,NO,nan,nan,nan,nan
3238,nan,nan,nan,3238,gHSSymbolDescriptionCode,"A code depicting the symbols which convey health, physical and environmental hazard information, assigned to a hazard class and category for example GHS.Pictograms include the harmonized hazard symbols plus other graphic elements, such as borders, background patterns or colours that are intended to convey specific information.Examples of all the pictograms and downloadable files for GHS can be accessed on the UN website for the GHS.",safetyDataSheetModule/safetyDataSheetInformation/gHSDetail/gHSSymbolDescriptionCode,NO,nan,nan,nan,nan
3241,nan,nan,nan,3241,hazardStatementsDescription,A description of standard phrases assigned to a hazard class and category that describe the nature of the hazard..,safetyDataSheetModule/safetyDataSheetInformation/gHSDetail/hazardStatement/hazardStatementsDescription,NO,nan,nan,nan,nan
3245,nan,nan,nan,3245,precautionaryStatementsDescription,A description of the measures listed on a hazardous label to minimize or prevent adverse effects.,safetyDataSheetModule/safetyDataSheetInformation/gHSDetail/precautionaryStatement/precautionaryStatementsDescription,NO,nan,nan,nan,nan
3506,nan,nan,nan,3506,descriptionShort,A free form short length description of the trade item that can be used to identify the trade item at point of sale.,tradeItemDescriptionModule/tradeItemDescriptionInformation/descriptionShort,NO,nan,nan,nan,nan
3508,nan,nan,nan,3508,functionalName,Describes use of the product or service by the consumer. Should help clarify the product classification associated with the GTIN.,tradeItemDescriptionModule/tradeItemDescriptionInformation/functionalName,NO,nan,nan,nan,nan
3515,nan,nan,nan,3515,regulatedProductName,"The prescribed, regulated or generic product name or denomination that describes the true nature of the item and is sufficiently precise to distinguish it from other products according to country specific regulation.",tradeItemDescriptionModule/tradeItemDescriptionInformation/regulatedProductName,NO,nan,nan,nan,nan
3517,nan,nan,nan,3517,tradeItemDescription,"An understandable and useable description of a trade item using brand and other descriptors.This attribute is filled with as little abbreviation as possible while keeping to a reasonable length.This should be a meaningful description of the trade item with full spelling to facilitate message processing. Retailers can use this description as the base to fully understand the brand, flavour, scent etc. of the specific GTIN in order to accurately create a product description as needed for their internal systems.Examples:• GS1 Brand Base Invisible Solid Deodorant AP Stick Spring Breeze• GS1 Brand Laundry Detergent Liquid Compact Regular Instant Stain 1• GS1 Brand Hair Colour Liquid Light to Medium Blonde.",tradeItemDescriptionModule/tradeItemDescriptionInformation/tradeItemDescription,NO,nan,nan,nan,nan
3531,nan,nan,nan,3531,tradeItemFormCode,"A code representation of the form of the actual trade item, not the packaging for example OBLONG.",tradeItemDescriptionModule/tradeItemDescriptionInformation/tradeItemFormCode,NO,nan,nan,nan,nan
3552,nan,nan,nan,3552,colourDescription,A description of a colour of an object.,tradeItemDescriptionModule/tradeItemDescriptionInformation/colour/colourDescription,NO,nan,nan,nan,nan
3587,nan,nan,nan,3587,handlingInstructionsCodeReference,Defines the information and processes needed to safely handle the trade item.,tradeItemHandlingModule/tradeItemHandlingInformation/handlingInstructionsCodeReference,NO,nan,nan,nan,nan
3607,nan,nan,nan,3607,stackingFactorTypeCode,"Indicates the supply chain process that the particular product may be stacked in. From a supply chain perspective, these values can differ from a storage perspective, truck transport, rail, etc. If a retailer is shipping between warehouses or store, they need the information to support their supply chain. For example a truck can only be stack 2 pallets high, but in a warehouse that can be 3 pallets",tradeItemHandlingModule/tradeItemHandlingInformation/tradeItemStacking/stackingFactorTypeCode,NO,nan,nan,nan,nan
3709,nan,nan,nan,3709,itemPeriodSafeToUseAfterOpening,The period after the opening where the product is still safe to be used. the period of time after opening that the product may be used without any harm to the consumer. This mention MUST take the form of number of months or number of years for example 50 MON.,tradeItemLifespanModule/tradeItemLifespan/itemPeriodSafeToUseAfterOpening,NO,nan,nan,nan,nan
3721,nan,nan,nan,3721,depth,"The depth of the trade item, as measured according to the GDSN Package Measurement Rules.  If the trade item is a unit load, include the shipping platform unless it is excluded according to the Platform Type Code chosen.",tradeItemMeasurementsModule/tradeItemMeasurements/depth,NO,nan,nan,nan,nan
3725,nan,nan,nan,3725,height,"The height of the trade item, as measured according to the GDSN Package Measurement Rules.  If the trade item is a unit load, include the shipping platform unless it is excluded according to the Platform Type Code chosen.",tradeItemMeasurementsModule/tradeItemMeasurements/height,NO,nan,nan,nan,nan
3733,nan,nan,nan,3733,netContent,"The amount of the trade item contained by a package, usually as claimed on the label. For example, Water 750ml - net content = ""750 MLT"" ; 20 count pack of diapers, net content = ""20 ea."". In case of multi-pack, indicates the net content of the total trade item. For fixed value trade items use the value claimed on the package, to avoid variable fill rate issue that arises with some trade item which are sold by volume or weight, and whose actual content may vary slightly from batch to batch. In case of variable quantity trade items, indicates the average quantity.",tradeItemMeasurementsModule/tradeItemMeasurements/netContent,NO,nan,nan,nan,nan
3739,nan,nan,nan,3739,width,"The width of the trade item, as measured according to the GDSN Package Measurement Rules.  If the trade item is a unit load, include the shipping platform unless it is excluded according to the Platform Type Code chosen.",tradeItemMeasurementsModule/tradeItemMeasurements/width,NO,nan,nan,nan,nan
3741,nan,nan,nan,3741,netContentStatement,"The statement corresponding to the net content descriptions as stated on the packaging (e.g. ""4 x 100 gr = 400 gr"").",tradeItemMeasurementsModule/tradeItemMeasurements/netContentStatement,NO,nan,nan,nan,nan
3759,nan,nan,nan,3759,depth,"The depth of the unit load, as measured according to the GDSN Package Measurement Rules, including the shipping platform unless it is excluded according to the Pallet Type Code chosen.",tradeItemMeasurementsModule/tradeItemMeasurements/additionalTradeItemDimensions/depth,NO,nan,nan,nan,nan
3761,nan,nan,nan,3761,dimensionTypeCode,"Depicts certain measurement scenarios (e.g. Retail Display, Out of package) used for measurement.",tradeItemMeasurementsModule/tradeItemMeasurements/additionalTradeItemDimensions/dimensionTypeCode,NO,nan,nan,nan,nan
3762,nan,nan,nan,3762,height,"The height of the unit load, as measured according to the GDSN Package Measurement Rules, including the shipping platform unless it is excluded according to the Pallet Type Code chosen.",tradeItemMeasurementsModule/tradeItemMeasurements/additionalTradeItemDimensions/height,NO,nan,nan,nan,nan
3764,nan,nan,nan,3764,width,"The width of the unit load, as measured according to the GDSN Package Measurement Rules, including the shipping platform unless it is excluded according to the Pallet Type Code chosen.",tradeItemMeasurementsModule/tradeItemMeasurements/additionalTradeItemDimensions/width,NO,nan,nan,nan,nan
3775,nan,nan,nan,3775,drainedWeight,"The weight of the trade item when drained of its liquid. For example 225 ""grm"", Jar of pickles in vinegar. Applies to defined bricks of GCI Global trade item Classification - Mainly food trade item. Has to be associated with a valid UoM.",tradeItemMeasurementsModule/tradeItemMeasurements/tradeItemWeight/drainedWeight,NO,nan,nan,nan,nan
3777,nan,nan,nan,3777,grossWeight,"Used to identify the gross weight of the trade item. The gross weight includes all packaging materials of the trade item. At pallet level the trade item, grossWeight includes the weight of the pallet itself. For example, ""200 GRM"", value - total pounds, total grams, etc. Has to be associated with a valid UOM.",tradeItemMeasurementsModule/tradeItemMeasurements/tradeItemWeight/grossWeight,NO,nan,nan,nan,nan
3779,nan,nan,nan,3779,netWeight,Used to identify the net weight of the trade item. Net weight excludes any packaging materials. Has to be associated with a valid UoM.,tradeItemMeasurementsModule/tradeItemMeasurements/tradeItemWeight/netWeight,NO,nan,nan,nan,nan
3800,nan,nan,nan,3800,descriptiveSize,A description of the size of an object.,tradeItemSizeModule/size/descriptiveSize,NO,nan,nan,nan,nan
3804,nan,nan,nan,3804,tradeItemTemperatureConditionTypeCode,The condition of the product sold to the end consumer for example thawed or frozen.,tradeItemTemperatureInformationModule/tradeItemTemperatureConditionTypeCode,NO,nan,nan,nan,nan
3820,nan,nan,nan,3820,maximumTemperature,The maximum temperature that a trade item can not exceed as defined by the manufacturer without affecting product safety or quality.,tradeItemTemperatureInformationModule/tradeItemTemperatureInformation/maximumTemperature,NO,nan,nan,nan,nan
3826,nan,nan,nan,3826,minimumTemperature,The minimum temperature that a trade item can be held below defined by the manufacturer without affecting product safety or quality.,tradeItemTemperatureInformationModule/tradeItemTemperatureInformation/minimumTemperature,NO,nan,nan,nan,nan
3909,nan,nan,nan,3909,variableTradeItemTypeCode,Indicator to show whether product is loose or pre-packed.,variableTradeItemInformationModule/variableTradeItemInformation/variableTradeItemTypeCode,NO,nan,nan,nan,nan
5872,nan,nan,nan,5872,nutrientBasisQuantityDescription,Additional free text information needed to correctly express nutrient basis quantity for example per bottle (100 ml).,nutritionalInformationModule/nutrientHeader/nutrientBasisQuantityDescription,NO,nan,nan,nan,nan
5907,nan,nan,nan,5907,feedAdditiveStatement,"List of the animal feed composition data, based on the ingredients contained in the feed, as governed by local rules and regulations.",animalFeedingModule/feedAdditiveStatement,NO,nan,nan,nan,nan
5909,nan,nan,nan,5909,feedAnalyticalConstituentsStatement,"List of the analytical constituents or guaranteed analysis of the feed, based on the nutrient analysis of the finished product, as governed by local rules and regulations.",animalFeedingModule/feedAnalyticalConstituentsStatement,NO,nan,nan,nan,nan
5911,nan,nan,nan,5911,feedCompositionStatement,"List of the animal feed composition data, based on the ingredients contained in the feed, as governed by local rules and regulations.",animalFeedingModule/feedCompositionStatement,NO,nan,nan,nan,nan
5913,nan,nan,nan,5913,feedingInstructions,"All instructions describing how (e.g. in which amounts or how often) the animal should be fed based on the age, weight, diet or other variables, expressed as a free text. Information provided shall be identical as on the label or pack.",animalFeedingModule/feedingInstructions,NO,nan,nan,nan,nan
6147,nan,nan,nan,6147,catchAreaCode,The sea zone in which the seafood in the trade item was caught.,dairyFishMeatPoultryItemModule/dairyFishMeatPoultryInformation/fishReportingInformation/fishCatchInformation/catchAreaCode,NO,nan,nan,nan,nan
68,additionalTradeItemIdentification,@codeListVersion,Optional,70,additionalTradeItemIdentification/@codeListVersion,The snapshot of the code list at a certain point in time.,/catalogue_item_notification:catalogueItemNotificationMessage/transaction/documentCommand/catalogue_item_notification:catalogueItemNotification/catalogueItem/tradeItem/additionalTradeItemIdentification/@codeListVersion,YES,nan,nan,nan,nan
208,animalNutrientQuantityContained,@measurementUnitCode,Conditional,209,animalNutrientQuantityContained/@measurementUnitCode,"Any standardized, reproducible unit that can be used to measure any physical property.",animalFeedingModule/animalFeeding/animalFeedingDetail/animalNutrientDetail/animalNutrientQuantityContained/@measurementUnitCode,YES,nan,nan,nan,nan
370,allergenStatement,@languageCode,Conditional,371,allergenStatement/@languageCode,A code representing the language used in the description.,allergenInformationModule/allergenRelatedInformation/allergenStatement/@languageCode,YES,nan,nan,nan,nan
386,animalNutritionalClaim,@languageCode,Conditional,387,animalNutritionalClaim/@languageCode,A code representing the language used in the description.,animalFeedingModule/animalNutritionalClaim/@languageCode,YES,nan,nan,nan,nan
399,feedLifestage,@languageCode,Conditional,400,feedLifestage/@languageCode,A code representing the language used in the description.,animalFeedingModule/animalFeeding/feedLifestage/@languageCode,YES,nan,nan,nan,nan
401,maximumWeightOfAnimalBeingFed,@measurementUnitCode,Conditional,402,maximumWeightOfAnimalBeingFed/@measurementUnitCode,"Any standardized, reproducible unit that can be used to measure any physical property.",animalFeedingModule/animalFeeding/maximumWeightOfAnimalBeingFed/@measurementUnitCode,YES,nan,nan,nan,nan
403,minimumWeightOfAnimalBeingFed,@measurementUnitCode,Conditional,404,minimumWeightOfAnimalBeingFed/@measurementUnitCode,"Any standardized, reproducible unit that can be used to measure any physical property.",animalFeedingModule/animalFeeding/minimumWeightOfAnimalBeingFed/@measurementUnitCode,YES,nan,nan,nan,nan
416,feedingAmount,@measurementUnitCode,Conditional,417,feedingAmount/@measurementUnitCode,"Any standardized, reproducible unit that can be used to measure any physical property.",animalFeedingModule/animalFeeding/animalFeedingDetail/feedingAmount/@measurementUnitCode,YES,nan,nan,nan,nan
420,maximumFeedingAmount,@measurementUnitCode,Conditional,421,maximumFeedingAmount/@measurementUnitCode,"Any standardized, reproducible unit that can be used to measure any physical property.",animalFeedingModule/animalFeeding/animalFeedingDetail/maximumFeedingAmount/@measurementUnitCode,YES,nan,nan,nan,nan
422,minimumFeedingAmount,@measurementUnitCode,Conditional,423,minimumFeedingAmount/@measurementUnitCode,"Any standardized, reproducible unit that can be used to measure any physical property.",animalFeedingModule/animalFeeding/animalFeedingDetail/minimumFeedingAmount/@measurementUnitCode,YES,nan,nan,nan,nan
424,recommendedFrequencyOfFeeding,@languageCode,Conditional,425,recommendedFrequencyOfFeeding/@languageCode,A code representing the language used in the description.,animalFeedingModule/animalFeeding/animalFeedingDetail/recommendedFrequencyOfFeeding/@languageCode,YES,nan,nan,nan,nan
615,batteryWeight,@measurementUnitCode,Conditional,616,batteryWeight/@measurementUnitCode,"Any standardized, reproducible unit that can be used to measure any physical property.",batteryInformationModule/batteryDetail/batteryWeight/@measurementUnitCode,YES,nan,nan,nan,nan
789,consumerStorageInstructions,@languageCode,Conditional,790,consumerStorageInstructions/@languageCode,A code representing the language used in the description.,consumerInstructionsModule/consumerInstructions/consumerStorageInstructions/@languageCode,YES,nan,nan,nan,nan
791,consumerUsageInstructions,@languageCode,Conditional,792,consumerUsageInstructions/@languageCode,A code representing the language used in the description.,consumerInstructionsModule/consumerInstructions/consumerUsageInstructions/@languageCode,YES,nan,nan,nan,nan
1268,ingredientStatement,@languageCode,Conditional,1269,ingredientStatement/@languageCode,A code representing the language used in the description.,foodAndBeverageIngredientModule/ingredientStatement/@languageCode,YES,nan,nan,nan,nan
1268,ingredientStatement,@codeListVersion,Optional,6429,ingredientStatement/@codeListVersion,The snapshot of the code list at a certain point in time.,foodAndBeverageIngredientModule/ingredientStatement/@codeListVersion,YES,Errata-Add,WR-22-037,"Add missing technical attributes (BMS IDs 6429, 6430, 6431) for attribute Ingredient Statement (BMS ID 1268)",2.2
1268,ingredientStatement,@formattingPattern,Optional,6430,ingredientStatement/@formattingPattern,Ingredient statement for non-food items.,foodAndBeverageIngredientModule/ingredientStatement/@formattingPattern,YES,Errata-Add,WR-22-037,"Add missing technical attributes (BMS IDs 6429, 6430, 6431) for attribute Ingredient Statement (BMS ID 1268)",2.2
1268,ingredientStatement,@sequenceNumber,Conditional,6431,ingredientStatement/@sequenceNumber,A number used to indicate the order in which the allowances or charges are to be calculated.,foodAndBeverageIngredientModule/ingredientStatement/@sequenceNumber,YES,Errata-Add,WR-22-037,"Add missing technical attributes (BMS IDs 6429, 6430, 6431) for attribute Ingredient Statement (BMS ID 1268)",2.2
1377,preparationInstructions,@languageCode,Conditional,1378,preparationInstructions/@languageCode,A code representing the language used in the description.,foodAndBeveragePreparationServingModule/preparationServing/preparationInstructions/@languageCode,YES,nan,nan,nan,nan
1380,servingSuggestion,@languageCode,Conditional,1381,servingSuggestion/@languageCode,A code representing the language used in the description.,foodAndBeveragePreparationServingModule/preparationServing/servingSuggestion/@languageCode,YES,nan,nan,nan,nan
1457,compulsoryAdditiveLabelInformation,@languageCode,Conditional,1458,compulsoryAdditiveLabelInformation/@languageCode,A code representing the language used in the description.,healthRelatedInformationModule/healthRelatedInformation/compulsoryAdditiveLabelInformation/@languageCode,YES,nan,nan,nan,nan
1494,tradeItemFeatureBenefit,@languageCode,Conditional,1495,tradeItemFeatureBenefit/@languageCode,A code representing the language used in the description.,marketingInformationModule/marketingInformation/tradeItemFeatureBenefit/@languageCode,YES,nan,nan,nan,nan
1498,tradeItemMarketingMessage,@languageCode,Conditional,1499,tradeItemMarketingMessage/@languageCode,A code representing the language used in the description.,marketingInformationModule/marketingInformation/tradeItemMarketingMessage/@languageCode,YES,nan,nan,nan,nan
1506,gradeCodeReference,@codeDescription,Optional,1507,gradeCodeReference/@codeDescription,A description for the code value provided.,marketingInformationModule/marketingInformation/gradeCodeReference/@codeDescription,YES,nan,nan,nan,nan
1506,gradeCodeReference,@codeListAgencyCode,Optional,1508,gradeCodeReference/@codeListAgencyCode,A code representing the agency which manages the code list for example 5 for ISO.,marketingInformationModule/marketingInformation/gradeCodeReference/@codeListAgencyCode,YES,nan,nan,nan,nan
1506,gradeCodeReference,@codeListAgencyCodeListVersion,Optional,1509,gradeCodeReference/@codeListAgencyCodeListVersion,The snapshot of the Code List Agency code list at a certain point in time.,marketingInformationModule/marketingInformation/gradeCodeReference/@codeListAgencyCodeListVersion,YES,nan,nan,nan,nan
1506,gradeCodeReference,@codeListAgencyName,Optional,1510,gradeCodeReference/@codeListAgencyName,A name of the agency which manages the code list for example ISO.,marketingInformationModule/marketingInformation/gradeCodeReference/@codeListAgencyName,YES,nan,nan,nan,nan
1506,gradeCodeReference,@codeListName,Optional,1511,gradeCodeReference/@codeListName,The name of the code list which provides the code value.,marketingInformationModule/marketingInformation/gradeCodeReference/@codeListName,YES,nan,nan,nan,nan
1506,gradeCodeReference,@codeListURI,Optional,1512,gradeCodeReference/@codeListURI,A string that refers to the location of the code list which provides the code value.,marketingInformationModule/marketingInformation/gradeCodeReference/@codeListURI,YES,nan,nan,nan,nan
1506,gradeCodeReference,@codeListVersion,Optional,1513,gradeCodeReference/@codeListVersion,The snapshot of the code list at a certain point in time.,marketingInformationModule/marketingInformation/gradeCodeReference/@codeListVersion,YES,nan,nan,nan,nan
1530,tradeItemKeyWords,@languageCode,Conditional,1531,tradeItemKeyWords/@languageCode,A code representing the language used in the description.,marketingInformationModule/marketingInformation/tradeItemKeyWords/@languageCode,YES,nan,nan,nan,nan
1558,targetConsumerAge,@languageCode,Conditional,1559,targetConsumerAge/@languageCode,A code representing the language used in the description.,marketingInformationModule/marketingInformation/targetConsumer/targetConsumerAge/@languageCode,YES,nan,nan,nan,nan
1623,nonfoodIngredientStatement,@languageCode,Conditional,1624,nonfoodIngredientStatement/@languageCode,A code representing the language used in the description.,nonfoodIngredientModule/nonfoodIngredientStatement/@languageCode,YES,nan,nan,nan,nan
1623,nonfoodIngredientStatement,@codeListVersion,Optional,1625,nonfoodIngredientStatement/@codeListVersion,The snapshot of the code list at a certain point in time.,nonfoodIngredientModule/nonfoodIngredientStatement/@codeListVersion,YES,nan,nan,nan,nan
1623,nonfoodIngredientStatement,@formattingPattern,Optional,1626,nonfoodIngredientStatement/@formattingPattern,Ingredient statement for non-food items.,nonfoodIngredientModule/nonfoodIngredientStatement/@formattingPattern,YES,nan,nan,nan,nan
1623,nonfoodIngredientStatement,@sequenceNumber,Conditional,1627,nonfoodIngredientStatement/@sequenceNumber,A number used to indicate the order in which the allowances or charges are to be calculated.,nonfoodIngredientModule/nonfoodIngredientStatement/@sequenceNumber,YES,nan,nan,nan,nan
1664,depth,@measurementUnitCode,Conditional,1665,depth/@measurementUnitCode,"Any standardized, reproducible unit that can be used to measure any physical property.",nonGTINLogisticsUnitInformationModule/nonGTINLogisticsUnitInformation/depth/@measurementUnitCode,YES,nan,nan,nan,nan
1666,grossWeight,@measurementUnitCode,Conditional,1667,grossWeight/@measurementUnitCode,"Any standardized, reproducible unit that can be used to measure any physical property.",nonGTINLogisticsUnitInformationModule/nonGTINLogisticsUnitInformation/grossWeight/@measurementUnitCode,YES,nan,nan,nan,nan
1668,height,@measurementUnitCode,Conditional,1669,height/@measurementUnitCode,"Any standardized, reproducible unit that can be used to measure any physical property.",nonGTINLogisticsUnitInformationModule/nonGTINLogisticsUnitInformation/height/@measurementUnitCode,YES,nan,nan,nan,nan
1671,width,@measurementUnitCode,Conditional,1672,width/@measurementUnitCode,"Any standardized, reproducible unit that can be used to measure any physical property.",nonGTINLogisticsUnitInformationModule/nonGTINLogisticsUnitInformation/width/@measurementUnitCode,YES,nan,nan,nan,nan
1682,nutritionalClaim,@languageCode,Conditional,1683,nutritionalClaim/@languageCode,A code representing the language used in the description.,nutritionalInformationModule/nutritionalClaim/@languageCode,YES,nan,nan,nan,nan
1712,dailyValueIntakeReference,@languageCode,Conditional,1713,dailyValueIntakeReference/@languageCode,A code representing the language used in the description.,nutritionalInformationModule/nutrientHeader/dailyValueIntakeReference/@languageCode,YES,nan,nan,nan,nan
1714,nutrientBasisQuantity,@measurementUnitCode,Conditional,1715,nutrientBasisQuantity/@measurementUnitCode,"Any standardized, reproducible unit that can be used to measure any physical property.",nutritionalInformationModule/nutrientHeader/nutrientBasisQuantity/@measurementUnitCode,YES,nan,nan,nan,nan
1718,servingSize,@measurementUnitCode,Conditional,1719,servingSize/@measurementUnitCode,"Any standardized, reproducible unit that can be used to measure any physical property.",nutritionalInformationModule/nutrientHeader/servingSize/@measurementUnitCode,YES,nan,nan,nan,nan
1720,servingSizeDescription,@languageCode,Conditional,1721,servingSizeDescription/@languageCode,A code representing the language used in the description.,nutritionalInformationModule/nutrientHeader/servingSizeDescription/@languageCode,YES,nan,nan,nan,nan
1734,quantityContained,@measurementUnitCode,Conditional,1735,quantityContained/@measurementUnitCode,"Any standardized, reproducible unit that can be used to measure any physical property.",nutritionalInformationModule/nutrientHeader/nutrientDetail/quantityContained/@measurementUnitCode,YES,nan,nan,nan,nan
2261,returnablePackageDepositAmount,@currencyCode,Conditional,2262,returnablePackageDepositAmount/@currencyCode,A code representing the currency of a particular country or group of countries.,packagingInformationModule/packaging/packageDeposit/returnablePackageDepositAmount/@currencyCode,YES,nan,nan,nan,nan
2263,returnablePackageDepositIdentification,@identificationSchemeAgencyCode,Optional,2264,returnablePackageDepositIdentification/@identificationSchemeAgencyCode,The identification of the agency that maintains the identification scheme.,packagingInformationModule/packaging/packageDeposit/returnablePackageDepositIdentification/@identificationSchemeAgencyCode,YES,nan,nan,nan,nan
2263,returnablePackageDepositIdentification,@identificationSchemeAgencyCodeCodeListVersion,Optional,2265,returnablePackageDepositIdentification/@identificationSchemeAgencyCodeCodeListVersion,The version of the code list of agency code lists.,packagingInformationModule/packaging/packageDeposit/returnablePackageDepositIdentification/@identificationSchemeAgencyCodeCodeListVersion,YES,nan,nan,nan,nan
2263,returnablePackageDepositIdentification,@identificationSchemeAgencyName,Optional,2266,returnablePackageDepositIdentification/@identificationSchemeAgencyName,The name of the agency that maintains the identification scheme.,packagingInformationModule/packaging/packageDeposit/returnablePackageDepositIdentification/@identificationSchemeAgencyName,YES,nan,nan,nan,nan
2263,returnablePackageDepositIdentification,@identificationSchemeName,Optional,2267,returnablePackageDepositIdentification/@identificationSchemeName,The name of the identification scheme.,packagingInformationModule/packaging/packageDeposit/returnablePackageDepositIdentification/@identificationSchemeName,YES,nan,nan,nan,nan
2781,countryOfOriginStatement,@languagecode,Conditional,2782,countryOfOriginStatement/@languageCode,A code representing the language used in the description.,placeOfItemActivityModule/placeOfProductActivity/countryOfOriginStatement/@languagecode,YES,nan,nan,nan,nan
2783,provenanceStatement,@languageCode,Conditional,2784,provenanceStatement/@languageCode,A code representing the language used in the description.,placeOfItemActivityModule/placeOfProductActivity/provenanceStatement/@languageCode,YES,nan,nan,nan,nan
3241,hazardStatementsDescription,@languageCode,Conditional,3242,hazardStatementsDescription/@languageCode,A code representing the language used in the description.,safetyDataSheetModule/safetyDataSheetInformation/gHSDetail/hazardStatement/hazardStatementsDescription/@languageCode,YES,nan,nan,nan,nan
3245,precautionaryStatementsDescription,@languageCode,Conditional,3246,precautionaryStatementsDescription/@languageCode,A code representing the language used in the description.,safetyDataSheetModule/safetyDataSheetInformation/gHSDetail/precautionaryStatement/precautionaryStatementsDescription/@languageCode,YES,nan,nan,nan,nan
3506,descriptionShort,@languageCode,Conditional,3507,descriptionShort/@languageCode,A code representing the language used in the description.,tradeItemDescriptionModule/tradeItemDescriptionInformation/descriptionShort/@languageCode,YES,nan,nan,nan,nan
3508,functionalName,@languageCode,Conditional,3509,functionalName/@languageCode,A code representing the language used in the description.,tradeItemDescriptionModule/tradeItemDescriptionInformation/functionalName/@languageCode,YES,nan,nan,nan,nan
3515,regulatedProductName,@languageCode,Conditional,3516,regulatedProductName/@languageCode,A code representing the language used in the description.,tradeItemDescriptionModule/tradeItemDescriptionInformation/regulatedProductName/@languageCode,YES,nan,nan,nan,nan
3517,tradeItemDescription,@languageCode,Conditional,3518,tradeItemDescription/@languageCode,A code representing the language used in the description.,tradeItemDescriptionModule/tradeItemDescriptionInformation/tradeItemDescription/@languageCode,YES,nan,nan,nan,nan
3552,colourDescription,@languagecode,Conditional,3553,colourDescription/@languageCode,A code representing the language used in the description.,tradeItemDescriptionModule/tradeItemDescriptionInformation/colour/colourDescription/@languagecode,YES,nan,nan,nan,nan
3587,handlingInstructionsCodeReference,@codeDescription,Optional,3588,handlingInstructionsCodeReference/@codeDescription,A description for the code value provided.,tradeItemHandlingModule/tradeItemHandlingInformation/handlingInstructionsCodeReference/@codeDescription,YES,nan,nan,nan,nan
3587,handlingInstructionsCodeReference,@codeListAgencyCode,Optional,3589,handlingInstructionsCodeReference/@codeListAgencyCode,A code representing the agency which manages the code list for example 5 for ISO.,tradeItemHandlingModule/tradeItemHandlingInformation/handlingInstructionsCodeReference/@codeListAgencyCode,YES,nan,nan,nan,nan
3587,handlingInstructionsCodeReference,@codeListAgencyCodeListVersion,Optional,3590,handlingInstructionsCodeReference/@codeListAgencyCodeListVersion,The snapshot of the Code List Agency code list at a certain point in time.,tradeItemHandlingModule/tradeItemHandlingInformation/handlingInstructionsCodeReference/@codeListAgencyCodeListVersion,YES,nan,nan,nan,nan
3587,handlingInstructionsCodeReference,@codeListAgencyName,Optional,3591,handlingInstructionsCodeReference/@codeListAgencyName,A name of the agency which manages the code list for example ISO.,tradeItemHandlingModule/tradeItemHandlingInformation/handlingInstructionsCodeReference/@codeListAgencyName,YES,nan,nan,nan,nan
3587,handlingInstructionsCodeReference,@codeListName,Optional,3592,handlingInstructionsCodeReference/@codeListName,The name of the code list which provides the code value.,tradeItemHandlingModule/tradeItemHandlingInformation/handlingInstructionsCodeReference/@codeListName,YES,nan,nan,nan,nan
3587,handlingInstructionsCodeReference,@codeListURI,Optional,3593,handlingInstructionsCodeReference/@codeListURI,A string that refers to the location of the code list which provides the code value.,tradeItemHandlingModule/tradeItemHandlingInformation/handlingInstructionsCodeReference/@codeListURI,YES,nan,nan,nan,nan
3587,handlingInstructionsCodeReference,@codeListVersion,Optional,3594,handlingInstructionsCodeReference/@codeListVersion,The snapshot of the code list at a certain point in time.,tradeItemHandlingModule/tradeItemHandlingInformation/handlingInstructionsCodeReference/@codeListVersion,YES,nan,nan,nan,nan
3709,itemPeriodSafeToUseAfterOpening,@timeMeasurementUnitCode,Conditional,3710,itemPeriodSafeToUseAfterOpening/@timeMeasurementUnitCode,"Any standardized, reproducible unit that can be used to measure any physical property.",tradeItemLifespanModule/tradeItemLifespan/itemPeriodSafeToUseAfterOpening/@timeMeasurementUnitCode,YES,nan,nan,nan,nan
3721,depth,@measurementUnitcode,Conditional,3722,depth/@measurementUnitcode,"Any standardized, reproducible unit that can be used to measure any physical property.",tradeItemMeasurementsModule/tradeItemMeasurements/depth/@measurementUnitcode,YES,nan,nan,nan,nan
3725,height,@measurementUnitcode,Conditional,3726,height/@measurementUnitcode,"Any standardized, reproducible unit that can be used to measure any physical property.",tradeItemMeasurementsModule/tradeItemMeasurements/height/@measurementUnitcode,YES,nan,nan,nan,nan
3733,netContent,@measurementUnitcode,Conditional,3734,netContent/@measurementUnitcode,"Any standardized, reproducible unit that can be used to measure any physical property.",tradeItemMeasurementsModule/tradeItemMeasurements/netContent/@measurementUnitcode,YES,nan,nan,nan,nan
3739,width,@measurementUnitcode,Conditional,3740,width/@measurementUnitcode,"Any standardized, reproducible unit that can be used to measure any physical property.",tradeItemMeasurementsModule/tradeItemMeasurements/width/@measurementUnitcode,YES,nan,nan,nan,nan
3741,netContentStatement,@languageCode,Conditional,3742,netContentStatement/@languageCode,A code representing the language used in the description.,tradeItemMeasurementsModule/tradeItemMeasurements/netContentStatement/@languageCode,YES,nan,nan,nan,nan
3759,depth,@measurementUnitcode,Conditional,3760,depth/@measurementUnitcode,"Any standardized, reproducible unit that can be used to measure any physical property.",tradeItemMeasurementsModule/tradeItemMeasurements/additionalTradeItemDimensions/depth/@measurementUnitcode,YES,nan,nan,nan,nan
3762,height,@measurementUnitcode,Conditional,3763,height/@measurementUnitcode,"Any standardized, reproducible unit that can be used to measure any physical property.",tradeItemMeasurementsModule/tradeItemMeasurements/additionalTradeItemDimensions/height/@measurementUnitcode,YES,nan,nan,nan,nan
3764,width,@measurementUnitcode,Conditional,3765,width/@measurementUnitcode,"Any standardized, reproducible unit that can be used to measure any physical property.",tradeItemMeasurementsModule/tradeItemMeasurements/additionalTradeItemDimensions/width/@measurementUnitcode,YES,nan,nan,nan,nan
3775,drainedWeight,@measurementUnitCode,Conditional,3776,drainedWeight/@measurementUnitCode,"Any standardized, reproducible unit that can be used to measure any physical property.",tradeItemMeasurementsModule/tradeItemMeasurements/tradeItemWeight/drainedWeight/@measurementUnitCode,YES,nan,nan,nan,nan
3777,grossWeight,@measurementUnitCode,Conditional,3778,grossWeight/@measurementUnitCode,"Any standardized, reproducible unit that can be used to measure any physical property.",tradeItemMeasurementsModule/tradeItemMeasurements/tradeItemWeight/grossWeight/@measurementUnitCode,YES,nan,nan,nan,nan
3779,netWeight,@measurementUnitCode,Conditional,3780,netWeight/@measurementUnitCode,"Any standardized, reproducible unit that can be used to measure any physical property.",tradeItemMeasurementsModule/tradeItemMeasurements/tradeItemWeight/netWeight/@measurementUnitCode,YES,nan,nan,nan,nan
3800,descriptiveSize,@languageCode,Conditional,3801,descriptiveSize/@languageCode,A code representing the language used in the description.,tradeItemSizeModule/size/descriptiveSize/@languageCode,YES,nan,nan,nan,nan
3820,maximumTemperature,@temperatureMeasurementUnitCode,Conditional,3821,maximumTemperature/@temperatureMeasurementUnitCode,"Any standardized, reproducible unit that can be used to measure any physical property.",tradeItemTemperatureInformationModule/tradeItemTemperatureInformation/maximumTemperature/@temperatureMeasurementUnitCode,YES,nan,nan,nan,nan
3826,minimumTemperature,@temperatureMeasurementUnitCode,Conditional,3827,minimumTemperature/@temperatureMeasurementUnitCode,"Any standardized, reproducible unit that can be used to measure any physical property.",tradeItemTemperatureInformationModule/tradeItemTemperatureInformation/minimumTemperature/@temperatureMeasurementUnitCode,YES,nan,nan,nan,nan
375,allergenTypeCode,@codeListAgencyName,Optional,5510,allergenTypeCode/@codeListAgencyName,A name of the agency which manages the code list for example ISO.,allergenInformationModule/allergenRelatedInformation/allergen/allergenTypeCode/@codeListAgencyName,YES,nan,nan,nan,nan
613,batteryTechnologyTypeCode,@codeListAgencyName,Optional,5530,batteryTechnologyTypeCode/@codeListAgencyName,A name of the agency which manages the code list for example ISO.,batteryInformationModule/batteryDetail/batteryTechnologyTypeCode/@codeListAgencyName,YES,nan,nan,nan,nan
614,batteryTypeCode,@codeListAgencyName,Optional,5531,batteryTypeCode/@codeListAgencyName,A name of the agency which manages the code list for example ISO.,batteryInformationModule/batteryDetail/batteryTypeCode/@codeListAgencyName,YES,nan,nan,nan,nan
914,catchMethodCode,@codeListAgencyName,Optional,5535,catchMethodCode/@codeListAgencyName,A name of the agency which manages the code list for example ISO.,dairyFishMeatPoultryItemModule/dairyFishMeatPoultryInformation/fishReportingInformation/fishCatchInformation/catchMethodCode/@codeListAgencyName,YES,nan,nan,nan,nan
127,contactTypeCode,@codeListAgencyName,Optional,5547,contactTypeCode/@codeListAgencyName,A name of the agency which manages the code list for example ISO.,/catalogue_item_notification:catalogueItemNotificationMessage/transaction/documentCommand/catalogue_item_notification:catalogueItemNotification/catalogueItem/tradeItem/tradeItemContactInformation/contactTypeCode/@codeListAgencyName,YES,nan,nan,nan,nan
1066,dietTypeCode,@codeListAgencyName,Optional,5560,dietTypeCode/@codeListAgencyName,A name of the agency which manages the code list for example ISO.,dietInformationModule/dietInformation/dietTypeInformation/dietTypeCode/@codeListAgencyName,YES,nan,nan,nan,nan
3761,dimensionTypeCode,@codeListAgencyName,Optional,5562,dimensionTypeCode/@codeListAgencyName,A name of the agency which manages the code list for example ISO.,tradeItemMeasurementsModule/tradeItemMeasurements/additionalTradeItemDimensions/dimensionTypeCode/@codeListAgencyName,YES,nan,nan,nan,nan
388,feedType,@codeListAgencyName,Optional,5571,feedType/@codeListAgencyName,A name of the agency which manages the code list for example ISO.,animalFeedingModule/feedType/@codeListAgencyName,YES,nan,nan,nan,nan
3237,gHSSignalWordsCode,@codeListAgencyName,Optional,5582,gHSSignalWordsCode/@codeListAgencyName,A name of the agency which manages the code list for example ISO.,safetyDataSheetModule/safetyDataSheetInformation/gHSDetail/gHSSignalWordsCode/@codeListAgencyName,YES,nan,nan,nan,nan
3238,gHSSymbolDescriptionCode,@codeListAgencyName,Optional,5583,gHSSymbolDescriptionCode/@codeListAgencyName,A name of the agency which manages the code list for example ISO.,safetyDataSheetModule/safetyDataSheetInformation/gHSDetail/gHSSymbolDescriptionCode/@codeListAgencyName,YES,nan,nan,nan,nan
1259,growingMethodCode,@codeListAgencyName,Optional,5588,growingMethodCode/@codeListAgencyName,A name of the agency which manages the code list for example ISO.,farmingAndProcessingInformationModule/tradeItemFarmingAndProcessing/growingMethodCode/@codeListAgencyName,YES,nan,nan,nan,nan
2776,importClassificationTypeCode,@codeListAgencyName,Optional,5599,importClassificationTypeCode/@codeListAgencyName,A name of the agency which manages the code list for example ISO.,placeOfItemActivityModule/importClassification/importClassificationTypeCode/@codeListAgencyName,YES,nan,nan,nan,nan
376,levelOfContainmentCode,@codeListAgencyName,Optional,5605,levelOfContainmentCode/@codeListAgencyName,A name of the agency which manages the code list for example ISO.,allergenInformationModule/allergenRelatedInformation/allergen/levelOfContainmentCode/@codeListAgencyName,YES,nan,nan,nan,nan
1258,geneticallyModifiedDeclarationCode,@codeListAgencyName,Optional,5606,geneticallyModifiedDeclarationCode/@codeListAgencyName,A name of the agency which manages the code list for example ISO.,farmingAndProcessingInformationModule/tradeItemFarmingAndProcessing/geneticallyModifiedDeclarationCode/@codeListAgencyName,YES,nan,nan,nan,nan
1273,levelOfContainmentCode,@codeListAgencyName,Optional,5607,levelOfContainmentCode/@codeListAgencyName,A name of the agency which manages the code list for example ISO.,foodAndBeverageIngredientModule/additiveInformation/levelOfContainmentCode/@codeListAgencyName,YES,nan,nan,nan,nan
1732,measurementPrecisionCode,@codeListAgencyName,Optional,5617,measurementPrecisionCode/@codeListAgencyName,A name of the agency which manages the code list for example ISO.,nutritionalInformationModule/nutrientHeader/nutrientDetail/measurementPrecisionCode/@codeListAgencyName,YES,nan,nan,nan,nan
1736,dailyValueIntakePercentMeasurementPrecisionCode,@codeListAgencyName,Optional,5618,dailyValueIntakePercentMeasurementPrecisionCode/@codeListAgencyName,A name of the agency which manages the code list for example ISO.,nutritionalInformationModule/nutrientHeader/nutrientDetail/dailyValueIntakePercentMeasurementPrecisionCode/@codeListAgencyName,YES,nan,nan,nan,nan
1365,numberOfServingsPerPackageMeasurementPrecisionCode,@codeListAgencyName,Optional,5625,numberOfServingsPerPackageMeasurementPrecisionCode/@codeListAgencyName,A name of the agency which manages the code list for example ISO.,foodAndBeveragePreparationServingModule/servingQuantityInformation/numberOfServingsPerPackageMeasurementPrecisionCode/@codeListAgencyName,YES,nan,nan,nan,nan
204,animalNutrientTypeCode,@codeListAgencyName,Optional,5642,animalNutrientTypeCode/@codeListAgencyName,A name of the agency which manages the code list for example ISO.,animalFeedingModule/animalFeeding/animalFeedingDetail/animalNutrientDetail/animalNutrientTypeCode/@codeListAgencyName,YES,nan,nan,nan,nan
1733,nutrientTypeCode,@codeListAgencyName,Optional,5643,nutrientTypeCode/@codeListAgencyName,A name of the agency which manages the code list for example ISO.,nutritionalInformationModule/nutrientHeader/nutrientDetail/nutrientTypeCode/@codeListAgencyName,YES,nan,nan,nan,nan
1709,nutritionalClaimNutrientElementCode,@codeListAgencyName,Optional,5646,nutritionalClaimNutrientElementCode/@codeListAgencyName,A name of the agency which manages the code list for example ISO.,nutritionalInformationModule/nutritionalClaimDetail/nutritionalClaimNutrientElementCode/@codeListAgencyName,YES,nan,nan,nan,nan
1710,nutritionalClaimTypeCode,@codeListAgencyName,Optional,5647,nutritionalClaimTypeCode/@codeListAgencyName,A name of the agency which manages the code list for example ISO.,nutritionalInformationModule/nutritionalClaimDetail/nutritionalClaimTypeCode/@codeListAgencyName,YES,nan,nan,nan,nan
2186,packagingTypeCode,@codeListAgencyName,Optional,5687,packagingTypeCode/@codeListAgencyName,A name of the agency which manages the code list for example ISO.,packagingInformationModule/packaging/packagingTypeCode/@codeListAgencyName,YES,nan,nan,nan,nan
2166,packagingFeatureCode,@codeListAgencyName,Optional,5692,packagingFeatureCode/@codeListAgencyName,A name of the agency which manages the code list for example ISO.,packagingInformationModule/packaging/packagingFeatureCode/@codeListAgencyName,YES,nan,nan,nan,nan
2312,packagingMarkedLabelAccreditationCode,@codeListAgencyName,Optional,5697,packagingMarkedLabelAccreditationCode/@codeListAgencyName,A name of the agency which manages the code list for example ISO.,packagingMarkingModule/packagingMarking/packagingMarkedLabelAccreditationCode/@codeListAgencyName,YES,nan,nan,nan,nan
2206,packagingMaterialTypeCode,@codeListAgencyName,Optional,5700,packagingMaterialTypeCode/@codeListAgencyName,A name of the agency which manages the code list for example ISO.,packagingInformationModule/packaging/packagingMaterial/packagingMaterialTypeCode/@codeListAgencyName,YES,nan,nan,nan,nan
2181,platformTypeCode,@codeListAgencyName,Optional,5726,platformTypeCode/@codeListAgencyName,A name of the agency which manages the code list for example ISO.,packagingInformationModule/packaging/platformTypeCode/@codeListAgencyName,YES,nan,nan,nan,nan
1379,preparationTypeCode,@codeListAgencyName,Optional,5736,preparationTypeCode/@codeListAgencyName,A name of the agency which manages the code list for example ISO.,foodAndBeveragePreparationServingModule/preparationServing/preparationTypeCode/@codeListAgencyName,YES,nan,nan,nan,nan
1717,preparationStateCode,@codeListAgencyName,Optional,5737,preparationStateCode/@codeListAgencyName,A name of the agency which manages the code list for example ISO.,nutritionalInformationModule/nutrientHeader/preparationStateCode/@codeListAgencyName,YES,nan,nan,nan,nan
915,productionMethodForFishAndSeaFoodCode,@codeListAgencyName,Optional,5747,productionMethodForFishAndSeaFoodCode/@codeListAgencyName,A name of the agency which manages the code list for example ISO.,dairyFishMeatPoultryItemModule/dairyFishMeatPoultryInformation/fishReportingInformation/fishCatchInformation/productionMethodForFishAndSeaFoodCode/@codeListAgencyName,YES,nan,nan,nan,nan
2999,referencedFileTypeCode,@codeListAgencyName,Optional,5761,referencedFileTypeCode/@codeListAgencyName,A name of the agency which manages the code list for example ISO.,referencedFileDetailInformationModule/referencedFileHeader/referencedFileTypeCode/@codeListAgencyName,YES,nan,nan,nan,nan
115,referencedTradeItemTypeCode,@codeListAgencyName,Optional,5765,referencedTradeItemTypeCode/@codeListAgencyName,A name of the agency which manages the code list for example ISO.,/catalogue_item_notification:catalogueItemNotificationMessage/transaction/documentCommand/catalogue_item_notification:catalogueItemNotification/catalogueItem/tradeItem/referencedTradeItem/referencedTradeItemTypeCode/@codeListAgencyName,YES,nan,nan,nan,nan
3607,stackingFactorTypeCode,@codeListVersion,Optional,6992,stackingFactorTypeCode/@codeListVersion,The snapshot of the code list at a certain point in time.,tradeItemHandlingModule/tradeItemHandlingInformation/tradeItemStacking/stackingFactorTypeCode/@codeListVersion,YES,Errata-Update,nan,@codeListVersion (6992) replaces @codeListAgencyName (5790),2.5
916,storageStateCode,@codeListVersion,Optional,6834,storageStateCode/@codeListVersion,The snapshot of the code list at a certain point in time.,dairyFishMeatPoultryItemModule/dairyFishMeatPoultryInformation/fishReportingInformation/fishCatchInformation/storageStateCode/@codeListVersion,YES,Errata-Update,nan,@codeListVersion (6834) replaces @codeListAgencyName (5794),2.5
389,targetedConsumptionBy,@codeListVersion,Optional,6817,targetedConsumptionBy/@codeListVersion,The snapshot of the code list at a certain point in time.,animalFeedingModule/targetedConsumptionBy/@codeListVersion,YES,Errata-Update,nan,@codeListVersion (6817) replaces @codeListAgencyName (5800),2.5
1175,dutyFeeTaxCategoryCode,@codeListVersion,Optional,7014,dutyFeeTaxCategoryCode/@codeListVersion,The snapshot of the code list at a certain point in time.,dutyFeeTaxInformationModule/dutyFeeTaxInformation/dutyFeeTax/dutyFeeTaxCategoryCode/@codeListVersion,YES,Errata-Update,nan,@codeListVersion (7014) replaces @codeListAgencyName (5801),2.5
2334,tradeItemDateOnPackagingTypeCode,@codeListVersion,Optional,7028,tradeItemDateOnPackagingTypeCode/@codeListVersion,The snapshot of the code list at a certain point in time.,packagingMarkingModule/packagingMarking/packagingDate/tradeItemDateOnPackagingTypeCode/@codeListVersion,YES,Errata-Update,nan,@codeListVersion (7028) replaces @codeListAgencyName (5814),2.5
3531,tradeItemFormCode,@codeListVersion,Optional,7030,tradeItemFormCode/@codeListVersion,The snapshot of the code list at a certain point in time.,tradeItemDescriptionModule/tradeItemDescriptionInformation/tradeItemFormCode/@codeListVersion,YES,Errata-Update,nan,@codeListVersion (7030) replaces @codeListAgencyName (5815),2.5
3804,tradeItemTemperatureConditionTypeCode,@codeListVersion,Optional,7036,tradeItemTemperatureConditionTypeCode/@codeListVersion,The snapshot of the code list at a certain point in time.,tradeItemTemperatureInformationModule/tradeItemTemperatureConditionTypeCode/@codeListVersion,YES,Errata-Update,nan,@codeListVersion (7036) replaces @codeListAgencyName (5820),2.5
66,tradeItemUnitDescriptorCode,@codeListVersion,Optional,6795,tradeItemUnitDescriptorCode/@codeListVersion,The snapshot of the code list at a certain point in time.,/catalogue_item_notification:catalogueItemNotificationMessage/transaction/documentCommand/catalogue_item_notification:catalogueItemNotification/catalogueItem/tradeItem/tradeItemUnitDescriptorCode/@codeListVersion,YES,Errata-Update,nan,@codeListVersion (6795) replaces @codeListAgencyName (5821),2.5
3909,variableTradeItemTypeCode,@codeListVersion,Optional,7041,variableTradeItemTypeCode/@codeListVersion,The snapshot of the code list at a certain point in time.,variableTradeItemInformationModule/variableTradeItemInformation/variableTradeItemTypeCode/@codeListVersion,YES,Errata-Update,nan,@codeListVersion (7041) replaces @codeListAgencyName (5824),2.5
1498,tradeItemMarketingMessage,@codeListVersion,Optional,5833,tradeItemMarketingMessage/@codeListVersion,The snapshot of the code list at a certain point in time.,marketingInformationModule/marketingInformation/tradeItemMarketingMessage/@codeListVersion,YES,nan,nan,nan,nan
1498,tradeItemMarketingMessage,@formattingPattern,Optional,5834,tradeItemMarketingMessage/@formattingPattern,0,marketingInformationModule/marketingInformation/tradeItemMarketingMessage/@formattingPattern,YES,nan,nan,nan,nan
1498,tradeItemMarketingMessage,@sequenceNumber,Conditional,5835,tradeItemMarketingMessage/@sequenceNumber,A number used to indicate the order in which the allowances or charges are to be calculated.,marketingInformationModule/marketingInformation/tradeItemMarketingMessage/@sequenceNumber,YES,nan,nan,nan,nan
5872,nutrientBasisQuantityDescription,@languageCode,Conditional,5873,nutrientBasisQuantityDescription/@languageCode,A code representing the language used in the description.,nutritionalInformationModule/nutrientHeader/nutrientBasisQuantityDescription/@languageCode,YES,nan,nan,nan,nan
5907,feedAdditiveStatement,@languageCode,Conditional,5908,feedAdditiveStatement/@languageCode,A code representing the language used in the description.,animalFeedingModule/feedAdditiveStatement/@languageCode,YES,nan,nan,nan,nan
5909,feedAnalyticalConstituentsStatement,@languageCode,Conditional,5910,feedAnalyticalConstituentsStatement/@languageCode,A code representing the language used in the description.,animalFeedingModule/feedAnalyticalConstituentsStatement/@languageCode,YES,nan,nan,nan,nan
5911,feedCompositionStatement,@languageCode,Conditional,5912,feedCompositionStatement/@languageCode,A code representing the language used in the description.,animalFeedingModule/feedCompositionStatement/@languageCode,YES,nan,nan,nan,nan
5913,feedingInstructions,@languageCode,Conditional,5914,feedingInstructions/@languageCode,A code representing the language used in the description.,animalFeedingModule/feedingInstructions/@languageCode,YES,nan,nan,nan,nan
1494,tradeItemFeatureBenefit,@codeListVersion,Optional,6092,tradeItemFeatureBenefit/@codeListVersion,Element for consumer facing marketing content to describe the key features or benefits of the style suitable for display purposes.,marketingInformationModule/marketingInformation/tradeItemFeatureBenefit/@codeListVersion,YES,nan,nan,nan,nan
1494,tradeItemFeatureBenefit,@formattingPattern,Optional,6093,tradeItemFeatureBenefit/@formattingPattern,Element for consumer facing marketing content to describe the key features or benefits of the style suitable for display purposes.,marketingInformationModule/marketingInformation/tradeItemFeatureBenefit/@formattingPattern,YES,nan,nan,nan,nan
1494,tradeItemFeatureBenefit,@sequenceNumber,Conditional,6094,tradeItemFeatureBenefit/@sequenceNumber,Element for consumer facing marketing content to describe the key features or benefits of the style suitable for display purposes.,marketingInformationModule/marketingInformation/tradeItemFeatureBenefit/@sequenceNumber,YES,nan,nan,nan,nan
6147,catchAreaCode,@codeListVersion,Optional,6833,catchAreaCode/@codeListVersion,The snapshot of the code list at a certain point in time.,dairyFishMeatPoultryItemModule/dairyFishMeatPoultryInformation/fishReportingInformation/fishCatchInformation/catchAreaCode/@codeListVersion,YES,Errata-Update,nan,@codeListVersion (6833) replaces @codeListAgencyName (6148),2.5
3515,regulatedProductName,@codeListVersion,Optional,6274,regulatedProductName/@codeListVersion,The snapshot of the code list at a certain point in time.,tradeItemDescriptionModule/tradeItemDescriptionInformation/regulatedProductName/@codeListVersion,YES,nan,nan,nan,nan
3515,regulatedProductName,@formattingPattern,Optional,6275,regulatedProductName/@formattingPattern,0,tradeItemDescriptionModule/tradeItemDescriptionInformation/regulatedProductName/@formattingPattern,YES,nan,nan,nan,nan
3515,regulatedProductName,@sequenceNumber,Conditional,6276,regulatedProductName/@sequenceNumber,A number used to indicate the order in which the allowances or charges are to be calculated.,tradeItemDescriptionModule/tradeItemDescriptionInformation/regulatedProductName/@sequenceNumber,YES,nan,nan,nan,nan
